emp_id,satisfaction_level,last_evaluation,number_project,average_montly_hours,time_spend_company,work_accident,promotion_last_5years,dept,salary
1,0.38,0.53,2.0,157.0,3.0,0.0,0.0,sales,low
2,0.8,0.86,5.0,262.0,6.0,0.0,0.0,sales,medium
3,0.11,0.88,7.0,272.0,4.0,0.0,0.0,sales,medium
4,0.72,0.87,5.0,223.0,5.0,0.0,0.0,sales,low
5,0.37,0.52,2.0,159.0,3.0,0.0,0.0,sales,low
6,0.41,0.5,2.0,153.0,3.0,0.0,0.0,sales,low
7,0.1,0.77,6.0,247.0,4.0,0.0,0.0,sales,low
8,0.92,0.85,5.0,259.0,5.0,0.0,0.0,sales,low
9,0.89,1.0,5.0,224.0,5.0,0.0,0.0,sales,low
10,0.42,0.53,2.0,142.0,3.0,0.0,0.0,sales,low
11,0.45,0.54,2.0,135.0,3.0,0.0,0.0,sales,low
12,0.11,0.81,6.0,305.0,4.0,0.0,0.0,sales,low
13,0.84,0.92,4.0,234.0,5.0,0.0,0.0,sales,low
14,0.41,0.55,2.0,148.0,3.0,0.0,0.0,sales,low
15,0.36,0.56,2.0,137.0,3.0,0.0,0.0,sales,low
16,0.38,0.54,2.0,143.0,3.0,0.0,0.0,sales,low
17,0.45,0.47,2.0,160.0,3.0,0.0,0.0,sales,low
18,0.78,0.99,4.0,255.0,6.0,0.0,0.0,sales,low
19,0.45,0.51,2.0,160.0,3.0,1.0,1.0,sales,low
20,0.76,0.89,5.0,262.0,5.0,0.0,0.0,sales,low
21,0.11,0.83,6.0,282.0,4.0,0.0,0.0,sales,low
22,0.38,0.55,2.0,147.0,3.0,0.0,0.0,sales,low
23,0.09,0.95,6.0,304.0,4.0,0.0,0.0,sales,low
24,0.46,0.57,2.0,139.0,3.0,0.0,0.0,sales,low
25,0.4,0.53,2.0,158.0,3.0,0.0,0.0,sales,low
26,0.89,0.92,5.0,242.0,5.0,0.0,0.0,sales,low
27,0.82,0.87,4.0,239.0,5.0,0.0,0.0,sales,low
28,0.4,0.49,2.0,135.0,3.0,0.0,0.0,sales,low
29,0.41,0.46,2.0,128.0,3.0,0.0,0.0,accounting,low
30,0.38,0.5,2.0,132.0,3.0,0.0,0.0,accounting,low
31,0.09,0.62,6.0,294.0,4.0,0.0,0.0,accounting,low
32,0.45,0.57,2.0,134.0,3.0,0.0,0.0,hr,low
33,0.4,0.51,2.0,145.0,3.0,0.0,0.0,hr,low
34,0.45,0.55,2.0,140.0,3.0,0.0,0.0,hr,low
35,0.84,0.87,4.0,246.0,6.0,0.0,0.0,hr,low
36,0.1,0.94,6.0,255.0,4.0,0.0,0.0,technical,low
37,0.38,0.46,2.0,137.0,3.0,0.0,0.0,technical,low
38,0.45,0.5,2.0,126.0,3.0,0.0,0.0,technical,low
39,0.11,0.89,6.0,306.0,4.0,0.0,0.0,technical,low
40,0.41,0.54,2.0,152.0,3.0,0.0,0.0,technical,low
41,0.87,0.88,5.0,269.0,5.0,0.0,0.0,technical,low
42,0.45,0.48,2.0,158.0,3.0,0.0,0.0,technical,low
43,0.4,0.46,2.0,127.0,3.0,0.0,0.0,technical,low
44,0.1,0.8,7.0,281.0,4.0,0.0,0.0,technical,low
45,0.09,0.89,6.0,276.0,4.0,0.0,0.0,technical,low
46,0.84,0.74,3.0,182.0,4.0,0.0,0.0,technical,low
47,0.4,0.55,2.0,147.0,3.0,0.0,0.0,support,low
48,0.57,0.7,3.0,273.0,6.0,0.0,0.0,support,low
49,0.4,0.54,2.0,148.0,3.0,0.0,0.0,support,low
50,0.43,0.47,2.0,147.0,3.0,0.0,0.0,support,low
51,0.13,0.78,6.0,152.0,2.0,0.0,0.0,support,low
52,0.44,0.55,2.0,135.0,3.0,0.0,0.0,support,low
53,0.38,0.55,2.0,134.0,3.0,0.0,0.0,support,low
54,0.39,0.54,2.0,132.0,3.0,0.0,0.0,support,low
55,0.1,0.92,7.0,307.0,4.0,0.0,0.0,support,low
56,0.37,0.46,2.0,140.0,3.0,0.0,0.0,support,low
57,0.11,0.94,7.0,255.0,4.0,0.0,0.0,support,low
58,0.1,0.81,6.0,309.0,4.0,0.0,0.0,technical,low
59,0.38,0.54,2.0,128.0,3.0,0.0,0.0,technical,low
60,0.85,1.0,4.0,225.0,5.0,0.0,0.0,technical,low
61,0.85,0.91,5.0,226.0,5.0,0.0,0.0,management,medium
62,0.11,0.93,7.0,308.0,4.0,0.0,0.0,IT,medium
63,0.1,0.95,6.0,244.0,5.0,0.0,0.0,IT,medium
64,0.36,0.56,2.0,132.0,3.0,0.0,0.0,IT,medium
65,0.11,0.94,6.0,286.0,4.0,0.0,0.0,IT,medium
66,0.81,0.7,6.0,161.0,4.0,0.0,0.0,IT,medium
67,0.43,0.54,2.0,153.0,3.0,0.0,0.0,product_mng,medium
68,0.9,0.98,4.0,264.0,6.0,0.0,0.0,product_mng,medium
69,0.76,0.86,5.0,223.0,5.0,1.0,0.0,product_mng,medium
70,0.43,0.5,2.0,135.0,3.0,0.0,0.0,product_mng,medium
71,0.74,0.99,2.0,277.0,3.0,0.0,0.0,IT,medium
72,0.09,0.77,5.0,275.0,4.0,0.0,0.0,product_mng,medium
73,0.45,0.49,2.0,149.0,3.0,0.0,0.0,product_mng,high
74,0.09,0.87,7.0,295.0,4.0,0.0,0.0,product_mng,low
75,0.11,0.97,6.0,277.0,4.0,0.0,0.0,product_mng,medium
76,0.11,0.79,7.0,306.0,4.0,0.0,0.0,product_mng,medium
77,0.1,0.83,6.0,295.0,4.0,0.0,0.0,product_mng,medium
78,0.4,0.54,2.0,137.0,3.0,0.0,0.0,marketing,medium
79,0.43,0.56,2.0,157.0,3.0,0.0,0.0,sales,low
80,0.39,0.56,2.0,142.0,3.0,0.0,0.0,accounting,low
81,0.45,0.54,2.0,140.0,3.0,0.0,0.0,support,low
82,0.38,0.49,2.0,151.0,3.0,0.0,0.0,technical,low
83,0.79,0.59,4.0,139.0,3.0,0.0,1.0,management,low
84,0.84,0.85,4.0,249.0,6.0,0.0,0.0,marketing,low
85,0.11,0.77,6.0,291.0,4.0,0.0,0.0,marketing,low
86,0.11,0.87,6.0,305.0,4.0,0.0,0.0,marketing,low
87,0.17,0.84,5.0,232.0,3.0,0.0,0.0,sales,low
88,0.44,0.45,2.0,132.0,3.0,0.0,0.0,sales,low
89,0.37,0.57,2.0,130.0,3.0,0.0,0.0,sales,low
90,0.1,0.79,6.0,291.0,4.0,0.0,0.0,sales,low
91,0.4,0.5,2.0,130.0,3.0,0.0,0.0,sales,low
92,0.89,1.0,5.0,246.0,5.0,0.0,0.0,sales,low
93,0.42,0.48,2.0,143.0,3.0,0.0,0.0,sales,low
94,0.46,0.55,2.0,129.0,3.0,0.0,0.0,sales,low
95,0.09,0.83,6.0,255.0,4.0,0.0,0.0,sales,low
96,0.37,0.51,2.0,155.0,3.0,0.0,0.0,sales,low
97,0.1,0.77,6.0,265.0,4.0,0.0,0.0,sales,low
98,0.1,0.84,6.0,279.0,4.0,0.0,0.0,sales,low
99,0.11,0.97,6.0,284.0,4.0,0.0,0.0,sales,low
100,0.9,1.0,5.0,221.0,6.0,0.0,0.0,sales,medium
101,0.38,0.52,2.0,154.0,3.0,0.0,0.0,sales,medium
102,0.36,0.52,2.0,147.0,3.0,0.0,0.0,sales,medium
103,0.42,0.46,2.0,150.0,3.0,0.0,0.0,sales,medium
104,0.09,0.94,7.0,267.0,4.0,0.0,0.0,sales,medium
105,0.43,0.52,2.0,158.0,3.0,0.0,0.0,sales,medium
106,0.24,0.46,7.0,224.0,5.0,0.0,0.0,accounting,medium
107,0.91,1.0,4.0,257.0,5.0,0.0,0.0,accounting,medium
108,0.44,0.5,2.0,148.0,3.0,0.0,0.0,accounting,medium
109,0.71,0.87,3.0,177.0,4.0,0.0,0.0,hr,medium
110,0.4,0.49,2.0,155.0,3.0,0.0,0.0,hr,medium
111,0.43,0.47,2.0,144.0,3.0,0.0,0.0,hr,medium
112,0.09,0.85,6.0,289.0,4.0,0.0,0.0,hr,high
113,0.43,0.52,2.0,160.0,3.0,0.0,0.0,technical,low
114,0.9,0.96,4.0,258.0,5.0,0.0,0.0,technical,medium
115,0.84,1.0,5.0,234.0,5.0,0.0,0.0,technical,medium
116,0.37,0.48,2.0,137.0,3.0,0.0,0.0,technical,medium
117,0.86,0.68,5.0,263.0,2.0,0.0,0.0,technical,medium
118,0.11,0.84,6.0,251.0,4.0,0.0,0.0,technical,low
119,0.37,0.57,2.0,133.0,3.0,0.0,0.0,technical,low
120,0.4,0.46,2.0,132.0,3.0,0.0,0.0,technical,low
121,0.14,0.62,4.0,158.0,4.0,1.0,0.0,technical,low
122,0.4,0.46,2.0,135.0,3.0,0.0,0.0,technical,low
123,0.75,1.0,4.0,216.0,6.0,0.0,0.0,technical,low
124,0.11,0.84,6.0,300.0,5.0,1.0,0.0,support,low
125,0.46,0.49,2.0,138.0,3.0,0.0,0.0,support,low
126,0.11,0.92,6.0,260.0,4.0,0.0,0.0,support,low
127,0.38,0.49,2.0,132.0,3.0,0.0,0.0,support,low
128,0.7,0.89,3.0,183.0,5.0,0.0,0.0,support,low
129,0.09,0.82,6.0,250.0,4.0,0.0,0.0,support,low
130,0.37,0.45,2.0,151.0,3.0,0.0,0.0,support,low
131,0.1,0.83,6.0,292.0,4.0,0.0,0.0,support,low
132,0.38,0.57,2.0,140.0,3.0,0.0,0.0,support,low
133,0.9,1.0,5.0,221.0,5.0,0.0,0.0,support,low
134,0.44,0.51,2.0,138.0,3.0,0.0,0.0,support,low
135,0.36,0.5,2.0,132.0,3.0,0.0,0.0,technical,low
136,0.31,0.84,7.0,133.0,5.0,0.0,0.0,technical,low
137,0.1,0.84,6.0,283.0,4.0,1.0,0.0,technical,low
138,0.42,0.48,2.0,129.0,3.0,0.0,0.0,management,low
139,0.74,1.0,4.0,249.0,5.0,0.0,0.0,IT,low
140,0.73,0.87,5.0,257.0,5.0,0.0,0.0,IT,low
141,0.09,0.96,6.0,245.0,4.0,0.0,0.0,IT,low
142,0.45,0.53,2.0,155.0,3.0,0.0,0.0,IT,low
143,0.11,0.8,6.0,256.0,4.0,0.0,0.0,IT,low
144,0.37,0.47,2.0,152.0,3.0,0.0,0.0,product_mng,low
145,0.84,0.99,4.0,267.0,5.0,0.0,0.0,product_mng,low
146,0.41,0.46,2.0,151.0,3.0,0.0,0.0,product_mng,low
147,0.76,0.92,4.0,239.0,5.0,0.0,0.0,product_mng,low
148,0.11,0.87,6.0,306.0,4.0,0.0,0.0,IT,low
149,0.84,0.88,4.0,263.0,5.0,1.0,0.0,marketing,low
150,0.39,0.5,2.0,147.0,3.0,0.0,0.0,marketing,low
151,0.11,0.91,6.0,278.0,4.0,0.0,0.0,marketing,low
152,0.45,0.56,2.0,154.0,3.0,0.0,0.0,marketing,low
153,0.37,0.52,2.0,143.0,3.0,0.0,0.0,marketing,low
154,0.4,0.52,2.0,155.0,3.0,0.0,0.0,marketing,low
155,0.39,0.48,2.0,160.0,3.0,0.0,0.0,sales,low
156,0.11,0.8,6.0,304.0,4.0,0.0,0.0,accounting,low
157,0.83,1.0,5.0,240.0,5.0,0.0,0.0,support,low
158,0.11,0.92,6.0,305.0,4.0,0.0,0.0,technical,low
159,0.39,0.5,2.0,136.0,3.0,0.0,0.0,management,low
160,0.45,0.45,2.0,132.0,3.0,0.0,0.0,marketing,low
161,0.1,0.95,7.0,301.0,4.0,0.0,0.0,marketing,low
162,0.9,0.98,5.0,243.0,6.0,0.0,0.0,marketing,low
163,0.45,0.51,2.0,147.0,3.0,0.0,0.0,sales,low
164,0.79,0.89,5.0,239.0,5.0,0.0,0.0,sales,low
165,0.9,0.99,5.0,260.0,5.0,0.0,0.0,sales,low
166,0.11,0.84,7.0,296.0,4.0,0.0,0.0,sales,low
167,0.43,0.55,2.0,129.0,3.0,0.0,0.0,sales,low
168,0.31,0.54,5.0,132.0,5.0,0.0,0.0,sales,low
169,0.32,0.5,2.0,135.0,5.0,0.0,0.0,sales,low
170,0.45,0.57,2.0,158.0,3.0,0.0,0.0,sales,low
171,0.81,0.99,4.0,259.0,5.0,0.0,0.0,sales,low
172,0.41,0.46,2.0,160.0,3.0,0.0,1.0,sales,low
173,0.11,0.78,7.0,278.0,4.0,0.0,0.0,sales,low
174,0.1,0.88,6.0,284.0,4.0,0.0,0.0,sales,low
175,0.7,0.53,2.0,274.0,4.0,0.0,0.0,sales,low
176,0.54,0.74,4.0,164.0,2.0,0.0,0.0,sales,low
177,0.41,0.48,2.0,148.0,3.0,0.0,0.0,sales,low
178,0.38,0.5,2.0,140.0,3.0,0.0,0.0,sales,medium
179,0.37,0.51,2.0,127.0,3.0,0.0,0.0,sales,medium
180,0.11,0.85,6.0,308.0,5.0,0.0,0.0,sales,medium
181,0.4,0.47,2.0,146.0,3.0,0.0,0.0,sales,medium
182,0.1,0.84,6.0,261.0,4.0,0.0,0.0,accounting,medium
183,0.89,0.99,5.0,257.0,5.0,0.0,0.0,accounting,medium
184,0.11,0.8,6.0,285.0,4.0,0.0,0.0,accounting,medium
185,0.36,0.55,2.0,141.0,3.0,0.0,0.0,hr,medium
186,0.4,0.46,2.0,127.0,3.0,0.0,0.0,hr,medium
187,0.09,0.85,6.0,297.0,4.0,0.0,0.0,hr,medium
188,0.4,0.46,2.0,143.0,3.0,0.0,0.0,hr,medium
189,0.37,0.55,2.0,152.0,3.0,0.0,0.0,technical,medium
190,0.44,0.51,2.0,156.0,3.0,0.0,0.0,technical,high
191,0.09,0.8,7.0,283.0,5.0,0.0,0.0,technical,low
192,0.92,0.87,4.0,226.0,6.0,1.0,0.0,technical,medium
193,0.74,0.91,4.0,232.0,5.0,0.0,0.0,technical,medium
194,0.09,0.82,6.0,249.0,4.0,0.0,0.0,technical,medium
195,0.89,0.95,4.0,275.0,5.0,0.0,0.0,technical,medium
196,0.09,0.8,6.0,304.0,4.0,0.0,0.0,technical,low
197,0.27,0.54,7.0,278.0,3.0,0.0,0.0,technical,low
198,0.1,0.91,6.0,287.0,4.0,0.0,0.0,technical,low
199,0.1,0.89,7.0,285.0,4.0,0.0,0.0,technical,low
200,0.77,0.94,5.0,226.0,6.0,0.0,0.0,support,low
201,0.9,0.82,5.0,259.0,5.0,0.0,0.0,support,low
202,0.39,0.5,2.0,135.0,3.0,0.0,0.0,support,low
203,0.76,1.0,5.0,219.0,5.0,0.0,0.0,support,low
204,0.1,0.93,6.0,256.0,4.0,0.0,0.0,support,low
205,0.87,0.9,5.0,254.0,6.0,0.0,0.0,support,low
206,0.38,0.5,2.0,153.0,3.0,0.0,0.0,support,low
207,0.77,0.99,5.0,228.0,5.0,0.0,0.0,support,low
208,0.78,0.87,4.0,228.0,5.0,0.0,0.0,support,low
209,0.44,0.5,2.0,128.0,3.0,0.0,0.0,support,low
210,0.38,0.52,2.0,153.0,3.0,0.0,0.0,support,low
211,0.43,0.46,2.0,156.0,3.0,0.0,0.0,technical,low
212,0.39,0.5,4.0,294.0,3.0,0.0,0.0,technical,low
213,0.88,1.0,5.0,219.0,5.0,0.0,0.0,technical,low
214,0.45,0.46,2.0,153.0,3.0,0.0,0.0,management,low
215,0.4,0.53,2.0,151.0,3.0,0.0,0.0,IT,low
216,0.36,0.51,2.0,155.0,3.0,0.0,0.0,IT,low
217,0.36,0.48,2.0,158.0,3.0,0.0,0.0,IT,low
218,0.9,0.98,5.0,245.0,5.0,0.0,0.0,IT,low
219,0.43,0.53,2.0,131.0,3.0,0.0,0.0,IT,low
220,0.89,0.87,5.0,225.0,5.0,0.0,0.0,product_mng,low
221,0.1,0.84,6.0,286.0,4.0,0.0,0.0,product_mng,low
222,0.37,0.5,2.0,135.0,3.0,0.0,0.0,product_mng,low
223,0.37,0.51,2.0,153.0,3.0,0.0,0.0,product_mng,low
224,0.87,0.9,5.0,252.0,5.0,0.0,0.0,IT,low
225,0.4,0.56,2.0,149.0,3.0,0.0,0.0,accounting,low
226,0.9,0.97,4.0,258.0,5.0,0.0,0.0,accounting,low
227,0.37,0.46,2.0,158.0,3.0,0.0,0.0,hr,low
228,0.44,0.54,2.0,149.0,3.0,0.0,0.0,hr,low
229,0.85,0.95,5.0,236.0,5.0,0.0,0.0,hr,low
230,0.78,0.98,5.0,239.0,6.0,0.0,0.0,marketing,low
231,0.42,0.47,2.0,159.0,3.0,0.0,0.0,marketing,low
232,0.92,0.99,5.0,255.0,6.0,0.0,0.0,sales,low
233,0.11,0.83,6.0,244.0,4.0,0.0,0.0,accounting,low
234,0.42,0.56,2.0,134.0,3.0,0.0,0.0,support,low
235,0.48,0.57,4.0,270.0,4.0,0.0,0.0,technical,low
236,0.83,0.85,4.0,255.0,5.0,0.0,0.0,management,low
237,0.4,0.53,2.0,151.0,3.0,0.0,0.0,marketing,low
238,0.43,0.45,2.0,135.0,3.0,0.0,0.0,marketing,low
239,0.43,0.53,2.0,146.0,3.0,0.0,0.0,marketing,low
240,0.1,0.97,7.0,254.0,4.0,0.0,0.0,sales,low
241,0.1,0.87,7.0,289.0,4.0,0.0,0.0,sales,low
242,0.37,0.46,2.0,156.0,3.0,0.0,0.0,sales,low
243,0.38,0.53,2.0,156.0,3.0,0.0,0.0,sales,low
244,0.4,0.5,2.0,128.0,3.0,0.0,0.0,sales,low
245,0.89,0.86,5.0,275.0,5.0,0.0,0.0,sales,low
246,0.45,0.46,2.0,155.0,3.0,0.0,0.0,sales,low
247,0.37,0.48,2.0,159.0,3.0,0.0,0.0,sales,low
248,0.46,0.49,2.0,148.0,3.0,0.0,0.0,sales,low
249,0.87,0.91,4.0,228.0,5.0,0.0,0.0,sales,low
250,0.11,0.84,6.0,298.0,4.0,0.0,0.0,sales,low
251,0.79,0.87,5.0,261.0,5.0,0.0,0.0,sales,low
252,0.79,0.92,5.0,254.0,6.0,0.0,0.0,sales,low
253,0.19,0.59,7.0,192.0,3.0,0.0,0.0,sales,low
254,0.87,0.98,4.0,248.0,5.0,0.0,0.0,sales,low
255,0.6,0.92,2.0,258.0,5.0,0.0,0.0,sales,low
256,0.44,0.45,2.0,156.0,3.0,0.0,0.0,sales,medium
257,0.11,0.81,6.0,266.0,4.0,1.0,0.0,sales,medium
258,0.42,0.54,2.0,156.0,3.0,0.0,0.0,sales,medium
259,0.88,0.88,5.0,232.0,5.0,1.0,0.0,accounting,medium
260,0.11,0.84,6.0,287.0,4.0,0.0,0.0,accounting,medium
261,0.46,0.46,2.0,154.0,3.0,0.0,0.0,accounting,medium
262,0.82,0.97,5.0,263.0,5.0,0.0,0.0,hr,medium
263,0.44,0.56,2.0,131.0,3.0,0.0,0.0,hr,medium
264,0.11,0.78,6.0,260.0,4.0,0.0,0.0,hr,medium
265,0.42,0.5,2.0,139.0,3.0,0.0,0.0,hr,medium
266,0.84,0.93,4.0,251.0,5.0,0.0,0.0,technical,medium
267,0.11,0.95,6.0,286.0,4.0,0.0,0.0,technical,medium
268,0.45,0.53,2.0,129.0,3.0,0.0,0.0,technical,high
269,0.38,0.56,2.0,156.0,3.0,0.0,0.0,technical,low
270,0.38,0.86,6.0,139.0,6.0,0.0,0.0,technical,medium
271,0.44,0.51,2.0,127.0,3.0,0.0,0.0,technical,medium
272,0.11,0.84,6.0,251.0,4.0,0.0,0.0,technical,medium
273,0.81,0.93,5.0,270.0,5.0,0.0,0.0,technical,medium
274,0.09,0.96,6.0,296.0,4.0,0.0,0.0,technical,low
275,0.11,0.9,6.0,254.0,4.0,0.0,0.0,technical,low
276,0.81,0.95,5.0,238.0,6.0,0.0,0.0,technical,low
277,0.1,0.97,6.0,267.0,4.0,1.0,0.0,support,low
278,0.74,0.89,5.0,229.0,6.0,0.0,0.0,support,low
279,0.09,0.78,6.0,254.0,4.0,0.0,0.0,support,low
280,0.82,0.81,4.0,233.0,4.0,1.0,0.0,support,low
281,0.1,0.98,6.0,268.0,4.0,0.0,0.0,support,low
282,0.27,0.56,3.0,301.0,3.0,0.0,0.0,support,low
283,0.83,0.92,5.0,267.0,6.0,0.0,0.0,support,low
284,0.1,0.93,6.0,289.0,4.0,1.0,0.0,support,low
285,0.38,0.47,2.0,144.0,3.0,0.0,0.0,support,low
286,0.4,0.56,2.0,148.0,3.0,0.0,0.0,support,low
287,0.11,0.83,6.0,306.0,4.0,0.0,0.0,support,low
288,0.11,0.79,6.0,292.0,4.0,0.0,1.0,technical,low
289,0.82,0.91,5.0,232.0,5.0,0.0,0.0,technical,low
290,0.36,0.48,2.0,137.0,3.0,0.0,0.0,technical,low
291,0.4,0.46,2.0,128.0,3.0,0.0,0.0,management,low
292,0.87,0.84,5.0,231.0,5.0,0.0,0.0,IT,low
293,0.41,0.49,2.0,146.0,3.0,0.0,0.0,IT,low
294,0.11,0.91,6.0,308.0,4.0,1.0,0.0,IT,low
295,0.1,0.93,6.0,253.0,4.0,0.0,0.0,IT,medium
296,0.38,0.51,2.0,146.0,3.0,0.0,0.0,IT,medium
297,0.39,0.55,2.0,156.0,3.0,0.0,0.0,product_mng,medium
298,0.4,0.52,2.0,147.0,3.0,0.0,0.0,product_mng,medium
299,0.45,0.48,2.0,136.0,3.0,0.0,0.0,product_mng,medium
300,0.74,0.84,5.0,249.0,5.0,0.0,0.0,product_mng,medium
301,0.45,0.55,2.0,151.0,3.0,0.0,0.0,IT,medium
302,0.12,1.0,3.0,278.0,4.0,0.0,0.0,RandD,medium
303,0.1,0.77,7.0,250.0,5.0,0.0,0.0,RandD,medium
304,0.37,0.55,2.0,127.0,3.0,0.0,0.0,RandD,medium
305,0.89,0.87,5.0,255.0,5.0,0.0,0.0,RandD,medium
306,0.45,0.47,2.0,135.0,3.0,0.0,0.0,RandD,medium
307,0.37,0.46,2.0,149.0,3.0,0.0,0.0,marketing,high
308,0.11,0.81,5.0,287.0,4.0,0.0,0.0,sales,low
309,0.41,0.48,2.0,145.0,3.0,0.0,0.0,accounting,medium
310,0.1,0.94,6.0,285.0,4.0,0.0,0.0,support,medium
311,0.1,0.93,7.0,305.0,4.0,0.0,0.0,technical,medium
312,0.11,0.95,7.0,300.0,4.0,0.0,0.0,management,medium
313,0.4,0.54,2.0,139.0,3.0,0.0,0.0,marketing,low
314,0.41,0.49,2.0,130.0,3.0,0.0,0.0,marketing,low
315,0.1,0.81,6.0,268.0,4.0,0.0,0.0,marketing,low
316,0.73,0.86,4.0,245.0,6.0,0.0,0.0,sales,low
317,0.43,0.47,2.0,135.0,3.0,0.0,0.0,sales,low
318,0.37,0.46,2.0,153.0,3.0,0.0,0.0,sales,low
319,0.11,0.94,6.0,276.0,4.0,0.0,0.0,sales,low
320,0.4,0.46,2.0,130.0,3.0,0.0,0.0,sales,low
321,0.41,0.54,2.0,153.0,3.0,1.0,0.0,sales,low
322,0.82,0.84,5.0,244.0,5.0,0.0,0.0,sales,low
323,0.61,0.47,2.0,253.0,3.0,0.0,0.0,sales,low
324,0.11,0.91,7.0,287.0,4.0,0.0,0.0,sales,low
325,0.37,0.45,2.0,131.0,3.0,0.0,0.0,sales,low
326,0.41,0.52,2.0,135.0,3.0,0.0,0.0,sales,low
327,0.37,0.52,2.0,157.0,3.0,0.0,0.0,sales,low
328,0.88,0.99,5.0,262.0,6.0,0.0,0.0,sales,low
329,0.1,0.85,6.0,266.0,4.0,0.0,0.0,sales,low
330,0.44,0.48,2.0,148.0,3.0,0.0,0.0,sales,low
331,0.38,0.57,2.0,140.0,3.0,0.0,0.0,sales,low
332,0.11,0.85,7.0,302.0,4.0,0.0,0.0,sales,low
333,0.09,0.98,6.0,271.0,4.0,0.0,0.0,sales,low
334,0.45,0.52,2.0,145.0,3.0,0.0,0.0,sales,medium
335,0.1,0.81,6.0,290.0,4.0,0.0,0.0,accounting,medium
336,0.45,0.47,2.0,151.0,3.0,0.0,0.0,accounting,medium
337,0.77,0.87,5.0,266.0,5.0,0.0,0.0,accounting,medium
338,0.44,0.51,2.0,140.0,3.0,0.0,0.0,hr,medium
339,0.39,0.5,2.0,142.0,3.0,0.0,0.0,hr,medium
340,0.1,0.91,6.0,246.0,4.0,0.0,0.0,hr,medium
341,0.09,0.89,7.0,308.0,5.0,0.0,0.0,hr,medium
342,0.37,0.47,2.0,141.0,3.0,0.0,0.0,technical,medium
343,0.9,1.0,5.0,232.0,5.0,0.0,0.0,technical,medium
344,0.41,0.56,2.0,143.0,3.0,0.0,0.0,technical,medium
345,0.37,0.52,2.0,155.0,3.0,0.0,0.0,technical,medium
346,0.1,0.86,6.0,278.0,4.0,0.0,0.0,technical,high
347,0.81,1.0,4.0,253.0,5.0,0.0,0.0,technical,low
348,0.11,0.8,6.0,282.0,4.0,0.0,0.0,technical,medium
349,0.11,0.84,7.0,264.0,4.0,0.0,0.0,technical,medium
350,0.4,0.46,2.0,149.0,3.0,0.0,0.0,technical,medium
351,0.09,0.8,6.0,304.0,5.0,0.0,0.0,technical,medium
352,0.48,0.93,3.0,219.0,6.0,0.0,0.0,technical,low
353,0.91,0.91,4.0,262.0,6.0,0.0,0.0,support,low
354,0.43,0.57,2.0,135.0,3.0,0.0,0.0,support,low
355,0.33,0.88,6.0,219.0,5.0,0.0,0.0,support,low
356,0.41,0.57,2.0,136.0,3.0,0.0,0.0,support,low
357,0.41,0.55,2.0,154.0,3.0,0.0,0.0,support,low
358,0.37,0.54,2.0,149.0,3.0,0.0,0.0,support,low
359,0.31,0.62,6.0,135.0,5.0,0.0,0.0,support,low
360,0.09,0.91,6.0,275.0,4.0,0.0,0.0,support,low
361,0.1,0.87,6.0,290.0,4.0,0.0,0.0,support,low
362,0.76,0.9,4.0,263.0,5.0,0.0,0.0,support,low
363,0.41,0.54,2.0,145.0,3.0,0.0,0.0,support,low
364,0.72,0.96,5.0,267.0,5.0,0.0,0.0,technical,low
365,0.4,0.5,2.0,141.0,3.0,1.0,0.0,technical,low
366,0.91,0.87,4.0,235.0,5.0,0.0,0.0,technical,low
367,0.1,0.83,6.0,258.0,4.0,0.0,0.0,management,low
368,0.4,0.56,2.0,131.0,3.0,0.0,0.0,IT,low
369,0.82,0.86,5.0,243.0,5.0,0.0,0.0,IT,low
370,0.1,0.82,6.0,266.0,4.0,0.0,0.0,IT,low
371,0.37,0.45,2.0,142.0,3.0,0.0,0.0,IT,low
372,0.36,0.51,2.0,135.0,3.0,0.0,0.0,IT,low
373,0.39,0.48,2.0,141.0,3.0,0.0,0.0,product_mng,medium
374,0.36,0.57,2.0,142.0,3.0,0.0,0.0,product_mng,medium
375,0.86,0.84,5.0,254.0,5.0,0.0,0.0,product_mng,medium
376,0.73,0.99,5.0,262.0,5.0,0.0,0.0,product_mng,medium
377,0.56,0.71,4.0,296.0,2.0,0.0,0.0,IT,medium
378,0.44,0.56,2.0,158.0,3.0,0.0,0.0,accounting,medium
379,0.31,0.56,4.0,238.0,2.0,0.0,0.0,accounting,medium
380,0.77,0.93,4.0,231.0,5.0,0.0,0.0,hr,medium
381,0.44,0.45,2.0,156.0,3.0,0.0,0.0,hr,medium
382,0.38,0.46,2.0,145.0,3.0,0.0,0.0,hr,medium
383,0.45,0.48,2.0,144.0,3.0,0.0,0.0,marketing,medium
384,0.38,0.51,2.0,159.0,3.0,0.0,0.0,sales,medium
385,0.36,0.48,2.0,156.0,3.0,0.0,0.0,accounting,high
386,0.75,0.9,5.0,256.0,5.0,0.0,0.0,support,low
387,0.1,0.93,6.0,298.0,4.0,0.0,0.0,technical,medium
388,0.1,0.97,6.0,247.0,4.0,0.0,0.0,management,medium
389,0.45,0.5,2.0,157.0,3.0,0.0,0.0,marketing,medium
390,0.42,0.57,2.0,154.0,3.0,1.0,0.0,marketing,medium
391,0.78,1.0,4.0,253.0,5.0,0.0,0.0,marketing,low
392,0.45,0.55,2.0,148.0,3.0,0.0,0.0,sales,low
393,0.84,1.0,4.0,261.0,5.0,0.0,0.0,sales,low
394,0.11,0.93,6.0,282.0,4.0,0.0,0.0,sales,low
395,0.42,0.56,2.0,133.0,3.0,0.0,0.0,sales,low
396,0.45,0.46,2.0,128.0,3.0,0.0,0.0,sales,low
397,0.46,0.57,2.0,139.0,3.0,0.0,0.0,sales,low
398,0.09,0.79,6.0,293.0,5.0,0.0,0.0,sales,low
399,0.87,0.83,4.0,265.0,6.0,0.0,0.0,sales,low
400,0.1,0.87,6.0,250.0,4.0,0.0,0.0,sales,low
401,0.91,1.0,5.0,251.0,6.0,0.0,0.0,sales,low
402,0.76,0.92,4.0,246.0,5.0,0.0,0.0,sales,low
403,0.74,1.0,5.0,275.0,5.0,0.0,0.0,sales,low
404,0.92,0.93,5.0,240.0,5.0,0.0,0.0,sales,low
405,0.76,0.87,5.0,245.0,5.0,0.0,0.0,sales,low
406,0.47,0.5,4.0,254.0,4.0,0.0,0.0,sales,low
407,0.73,0.99,5.0,241.0,5.0,0.0,0.0,sales,low
408,0.09,0.94,6.0,257.0,4.0,0.0,0.0,sales,low
409,0.91,0.92,4.0,246.0,5.0,0.0,0.0,sales,low
410,0.82,0.98,4.0,233.0,5.0,0.0,0.0,sales,low
411,0.28,0.45,6.0,218.0,4.0,0.0,0.0,accounting,low
412,0.84,0.99,4.0,262.0,6.0,0.0,0.0,accounting,medium
413,0.45,0.53,2.0,138.0,3.0,0.0,0.0,accounting,medium
414,0.45,0.54,2.0,142.0,3.0,0.0,0.0,hr,medium
415,0.91,0.97,5.0,233.0,5.0,0.0,0.0,hr,medium
416,0.42,0.48,2.0,155.0,3.0,0.0,0.0,hr,medium
417,0.82,1.0,4.0,229.0,6.0,0.0,0.0,hr,medium
418,0.11,0.9,6.0,264.0,4.0,0.0,0.0,technical,medium
419,0.42,0.53,3.0,199.0,4.0,0.0,0.0,technical,medium
420,0.82,0.85,4.0,223.0,5.0,0.0,0.0,technical,medium
421,0.09,0.96,6.0,268.0,4.0,0.0,0.0,technical,medium
422,0.1,0.94,6.0,287.0,4.0,0.0,0.0,technical,medium
423,0.86,1.0,5.0,257.0,5.0,0.0,0.0,technical,medium
424,0.4,0.46,2.0,143.0,3.0,0.0,0.0,technical,high
425,0.45,0.46,2.0,130.0,3.0,0.0,0.0,technical,low
426,0.42,0.51,2.0,136.0,3.0,0.0,0.0,technical,medium
427,0.74,0.92,4.0,261.0,5.0,0.0,0.0,technical,medium
428,0.55,0.6,3.0,180.0,4.0,0.0,0.0,technical,medium
429,0.37,0.45,2.0,126.0,3.0,0.0,0.0,support,medium
430,0.41,0.52,2.0,127.0,3.0,1.0,0.0,support,low
431,0.89,0.65,5.0,195.0,6.0,0.0,0.0,support,low
432,0.41,0.57,2.0,160.0,3.0,0.0,0.0,support,low
433,0.44,0.51,2.0,150.0,3.0,0.0,0.0,support,low
434,0.87,0.84,4.0,264.0,6.0,0.0,0.0,support,low
435,0.1,0.84,6.0,309.0,4.0,0.0,0.0,support,low
436,0.41,0.47,2.0,135.0,3.0,0.0,0.0,support,low
437,0.11,0.85,6.0,261.0,4.0,0.0,0.0,support,low
438,0.43,0.53,2.0,160.0,3.0,0.0,0.0,support,low
439,0.77,0.9,4.0,237.0,5.0,0.0,0.0,support,low
440,0.41,0.52,2.0,136.0,3.0,0.0,0.0,technical,low
441,0.41,0.48,2.0,139.0,3.0,0.0,0.0,technical,low
442,0.36,0.78,2.0,151.0,4.0,0.0,0.0,technical,low
443,0.77,1.0,5.0,229.0,5.0,0.0,0.0,management,low
444,0.81,0.98,5.0,245.0,5.0,0.0,0.0,IT,low
445,0.39,0.54,2.0,127.0,3.0,0.0,0.0,IT,low
446,0.09,0.94,6.0,283.0,5.0,0.0,0.0,IT,low
447,0.44,0.46,2.0,143.0,3.0,0.0,0.0,IT,low
448,0.1,0.84,5.0,298.0,4.0,0.0,0.0,IT,low
449,0.36,0.48,2.0,159.0,3.0,0.0,0.0,product_mng,low
450,0.81,0.92,5.0,239.0,5.0,0.0,0.0,product_mng,low
451,0.81,0.9,4.0,226.0,5.0,0.0,0.0,product_mng,medium
452,0.85,0.98,5.0,248.0,5.0,0.0,0.0,product_mng,medium
453,0.1,0.87,6.0,286.0,4.0,0.0,0.0,IT,medium
454,0.37,0.54,2.0,145.0,3.0,0.0,0.0,RandD,medium
455,0.09,0.97,7.0,254.0,4.0,1.0,0.0,RandD,medium
456,0.44,0.53,2.0,127.0,3.0,0.0,0.0,RandD,medium
457,0.86,0.93,5.0,223.0,5.0,0.0,0.0,RandD,medium
458,0.77,1.0,4.0,255.0,5.0,0.0,0.0,RandD,medium
459,0.41,0.48,2.0,136.0,3.0,0.0,0.0,marketing,medium
460,0.4,0.48,2.0,137.0,3.0,0.0,0.0,sales,medium
461,0.43,0.49,2.0,135.0,3.0,0.0,0.0,accounting,medium
462,0.43,0.5,2.0,137.0,3.0,0.0,0.0,support,medium
463,0.8,0.53,3.0,255.0,5.0,0.0,0.0,technical,high
464,0.8,0.85,4.0,273.0,5.0,0.0,0.0,management,low
465,0.82,0.98,5.0,234.0,5.0,0.0,0.0,marketing,medium
466,0.37,0.54,2.0,152.0,3.0,0.0,0.0,marketing,medium
467,0.37,0.48,2.0,134.0,3.0,0.0,0.0,marketing,medium
468,0.09,0.95,6.0,292.0,4.0,0.0,0.0,sales,medium
469,0.9,0.92,5.0,245.0,5.0,0.0,0.0,sales,low
470,0.41,0.52,2.0,159.0,3.0,0.0,0.0,sales,low
471,0.1,0.85,6.0,260.0,4.0,0.0,0.0,sales,low
472,0.44,0.53,2.0,149.0,3.0,0.0,0.0,sales,low
473,0.89,0.85,5.0,266.0,5.0,0.0,0.0,sales,low
474,0.42,0.56,2.0,149.0,3.0,0.0,0.0,sales,low
475,0.87,1.0,5.0,242.0,5.0,0.0,0.0,sales,low
476,0.45,0.57,2.0,134.0,3.0,0.0,0.0,sales,low
477,0.11,0.87,5.0,271.0,4.0,0.0,0.0,sales,low
478,0.09,0.79,6.0,275.0,4.0,0.0,0.0,sales,low
479,0.76,0.83,5.0,227.0,5.0,0.0,0.0,sales,low
480,0.11,0.96,7.0,277.0,5.0,0.0,0.0,sales,low
481,0.37,0.49,2.0,151.0,3.0,0.0,0.0,sales,low
482,0.1,0.79,6.0,274.0,4.0,0.0,0.0,sales,low
483,0.77,0.87,4.0,242.0,6.0,0.0,0.0,sales,low
484,0.42,0.54,2.0,143.0,3.0,1.0,0.0,sales,low
485,0.38,0.52,2.0,145.0,3.0,0.0,0.0,sales,low
486,0.32,0.95,5.0,172.0,2.0,0.0,0.0,sales,low
487,0.38,0.49,2.0,135.0,3.0,0.0,0.0,accounting,low
488,0.19,1.0,4.0,192.0,4.0,0.0,0.0,accounting,low
489,0.1,0.83,7.0,276.0,4.0,0.0,0.0,accounting,low
490,0.76,0.88,4.0,206.0,4.0,0.0,0.0,hr,medium
491,0.53,0.56,4.0,281.0,6.0,0.0,0.0,hr,medium
492,0.39,0.51,2.0,151.0,3.0,0.0,0.0,hr,medium
493,0.11,0.83,6.0,244.0,4.0,0.0,0.0,hr,medium
494,0.1,0.94,6.0,309.0,4.0,0.0,0.0,technical,medium
495,0.84,1.0,5.0,218.0,5.0,0.0,0.0,technical,medium
496,0.82,0.99,4.0,263.0,6.0,0.0,0.0,technical,medium
497,0.1,0.82,6.0,244.0,4.0,0.0,0.0,technical,medium
498,0.59,0.49,7.0,263.0,4.0,0.0,0.0,technical,medium
499,0.44,0.48,2.0,143.0,3.0,0.0,0.0,technical,medium
500,0.89,0.95,2.0,181.0,5.0,0.0,0.0,technical,medium
501,0.91,0.84,5.0,265.0,5.0,0.0,0.0,technical,medium
502,0.66,0.57,5.0,161.0,5.0,0.0,0.0,technical,high
503,0.11,0.87,7.0,282.0,5.0,0.0,0.0,technical,low
504,0.43,0.51,2.0,155.0,3.0,0.0,0.0,technical,medium
505,0.78,0.83,4.0,217.0,6.0,0.0,0.0,support,medium
506,0.11,0.97,6.0,289.0,5.0,0.0,0.0,support,medium
507,0.83,0.98,4.0,259.0,5.0,0.0,0.0,support,medium
508,0.39,0.54,2.0,158.0,3.0,0.0,0.0,support,low
509,0.38,0.55,2.0,158.0,3.0,0.0,0.0,support,low
510,0.37,0.57,2.0,155.0,3.0,0.0,0.0,support,low
511,0.44,0.48,2.0,146.0,3.0,0.0,0.0,support,low
512,0.53,0.85,2.0,164.0,5.0,0.0,0.0,support,low
513,0.09,0.96,6.0,259.0,4.0,0.0,0.0,support,low
514,0.11,0.89,6.0,293.0,4.0,0.0,0.0,support,low
515,0.83,0.96,5.0,275.0,5.0,0.0,0.0,support,low
516,0.88,1.0,5.0,219.0,6.0,1.0,0.0,technical,low
517,0.1,0.89,6.0,247.0,4.0,0.0,0.0,technical,low
518,0.09,0.86,7.0,309.0,4.0,0.0,0.0,technical,low
519,0.44,0.54,2.0,151.0,3.0,0.0,0.0,management,low
520,0.39,0.51,2.0,129.0,3.0,0.0,0.0,IT,low
521,0.87,0.94,4.0,274.0,5.0,0.0,0.0,IT,low
522,0.74,0.99,4.0,233.0,5.0,0.0,0.0,IT,low
523,0.1,0.95,7.0,289.0,4.0,0.0,0.0,IT,low
524,0.74,0.82,4.0,239.0,6.0,0.0,0.0,IT,low
525,0.75,0.99,5.0,221.0,5.0,0.0,0.0,product_mng,low
526,0.41,0.56,2.0,150.0,3.0,0.0,0.0,product_mng,low
527,0.41,0.45,2.0,144.0,3.0,1.0,0.0,product_mng,low
528,0.09,0.9,7.0,289.0,4.0,0.0,0.0,product_mng,low
529,0.09,0.8,6.0,301.0,5.0,0.0,0.0,IT,medium
530,0.39,0.57,2.0,145.0,3.0,0.0,0.0,accounting,medium
531,0.4,0.56,2.0,137.0,3.0,0.0,0.0,accounting,medium
532,0.37,0.54,2.0,131.0,3.0,1.0,0.0,hr,medium
533,0.1,0.84,6.0,246.0,4.0,0.0,0.0,hr,medium
534,0.43,0.51,2.0,136.0,3.0,0.0,0.0,hr,medium
535,0.75,0.85,5.0,240.0,6.0,1.0,0.0,marketing,medium
536,0.37,0.56,2.0,156.0,3.0,0.0,0.0,sales,medium
537,0.11,0.85,6.0,305.0,4.0,0.0,0.0,accounting,medium
538,0.45,0.45,2.0,154.0,3.0,1.0,0.0,support,medium
539,0.87,1.0,5.0,261.0,5.0,1.0,0.0,technical,medium
540,0.11,0.94,7.0,244.0,4.0,0.0,0.0,management,medium
541,0.45,0.54,2.0,129.0,3.0,0.0,0.0,marketing,high
542,0.81,0.87,4.0,254.0,5.0,0.0,0.0,marketing,low
543,0.77,0.91,5.0,236.0,5.0,0.0,0.0,marketing,medium
544,0.89,0.92,5.0,237.0,5.0,0.0,0.0,sales,medium
545,0.43,0.49,2.0,135.0,3.0,0.0,0.0,sales,medium
546,0.78,1.0,5.0,236.0,5.0,0.0,0.0,sales,medium
547,0.37,0.47,2.0,149.0,3.0,0.0,0.0,sales,low
548,0.37,0.5,2.0,141.0,3.0,0.0,0.0,sales,low
549,0.85,0.82,4.0,270.0,5.0,0.0,0.0,sales,low
550,0.41,0.47,2.0,138.0,3.0,0.0,0.0,sales,low
551,0.11,0.96,6.0,298.0,4.0,0.0,0.0,sales,low
552,0.75,0.99,5.0,254.0,5.0,0.0,0.0,sales,low
553,0.82,0.85,5.0,248.0,5.0,0.0,0.0,sales,low
554,0.79,1.0,5.0,257.0,6.0,0.0,0.0,sales,low
555,0.43,0.53,2.0,150.0,3.0,0.0,0.0,sales,low
556,0.1,0.9,7.0,281.0,4.0,0.0,0.0,sales,low
557,0.46,0.48,2.0,141.0,3.0,1.0,0.0,sales,low
558,0.43,0.57,2.0,157.0,3.0,0.0,0.0,sales,low
559,0.43,0.55,2.0,136.0,3.0,0.0,0.0,sales,low
560,0.11,0.8,7.0,296.0,4.0,0.0,0.0,sales,low
561,0.09,0.86,6.0,279.0,4.0,0.0,0.0,sales,low
562,0.37,0.53,2.0,131.0,3.0,0.0,0.0,sales,low
563,0.4,0.57,2.0,160.0,3.0,0.0,0.0,accounting,low
564,0.1,0.77,7.0,291.0,4.0,0.0,0.0,accounting,low
565,0.41,0.53,2.0,157.0,3.0,0.0,0.0,accounting,low
566,0.79,0.58,3.0,294.0,4.0,0.0,0.0,hr,low
567,0.11,0.79,7.0,310.0,4.0,0.0,0.0,hr,low
568,0.1,0.97,6.0,282.0,4.0,0.0,0.0,hr,medium
569,0.44,0.51,2.0,134.0,3.0,0.0,0.0,hr,medium
570,0.25,0.46,4.0,214.0,4.0,0.0,0.0,technical,medium
571,0.44,0.52,2.0,137.0,3.0,0.0,0.0,technical,medium
572,0.73,1.0,4.0,252.0,5.0,0.0,0.0,technical,medium
573,0.75,0.97,5.0,243.0,6.0,0.0,0.0,technical,medium
574,0.36,0.47,2.0,148.0,3.0,0.0,0.0,technical,medium
575,0.37,0.49,2.0,151.0,3.0,0.0,0.0,technical,medium
576,0.39,0.49,2.0,129.0,3.0,0.0,0.0,technical,medium
577,0.48,0.78,2.0,198.0,2.0,0.0,0.0,technical,medium
578,0.57,0.72,4.0,275.0,6.0,0.0,0.0,technical,medium
579,0.9,0.96,5.0,243.0,5.0,0.0,0.0,technical,medium
580,0.39,0.55,2.0,159.0,3.0,0.0,0.0,technical,high
581,0.44,0.51,2.0,145.0,3.0,0.0,0.0,support,low
582,0.81,0.88,5.0,242.0,5.0,0.0,0.0,support,medium
583,0.74,0.87,5.0,242.0,5.0,0.0,0.0,support,medium
584,0.44,0.56,2.0,145.0,3.0,0.0,0.0,support,medium
585,0.41,0.56,2.0,154.0,3.0,0.0,1.0,support,medium
586,0.4,0.51,2.0,139.0,3.0,0.0,0.0,support,low
587,0.46,0.57,2.0,152.0,3.0,0.0,0.0,support,low
588,0.8,0.83,2.0,211.0,3.0,0.0,0.0,support,low
589,0.87,0.9,5.0,258.0,5.0,0.0,0.0,support,low
590,0.39,0.54,2.0,155.0,3.0,0.0,0.0,support,low
591,0.38,0.55,2.0,148.0,3.0,0.0,0.0,support,low
592,0.66,0.67,2.0,255.0,3.0,0.0,0.0,technical,low
593,0.1,0.8,6.0,264.0,4.0,0.0,0.0,technical,low
594,0.37,0.54,2.0,132.0,3.0,0.0,0.0,technical,low
595,0.1,0.77,6.0,255.0,4.0,0.0,0.0,management,low
596,0.09,0.87,5.0,263.0,4.0,0.0,0.0,IT,low
597,0.86,0.84,5.0,222.0,5.0,0.0,0.0,IT,low
598,0.11,0.9,6.0,263.0,4.0,0.0,0.0,IT,low
599,0.37,0.46,2.0,157.0,3.0,0.0,0.0,IT,low
600,0.11,0.92,7.0,307.0,4.0,0.0,0.0,IT,low
601,0.77,0.98,5.0,259.0,6.0,0.0,0.0,product_mng,low
602,0.84,0.94,5.0,222.0,6.0,0.0,0.0,product_mng,low
603,0.1,0.84,7.0,250.0,4.0,0.0,0.0,product_mng,low
604,0.83,0.9,5.0,245.0,5.0,0.0,0.0,product_mng,low
605,0.11,0.79,6.0,292.0,4.0,0.0,0.0,IT,low
606,0.86,0.92,5.0,252.0,5.0,0.0,0.0,RandD,low
607,0.38,0.56,2.0,161.0,3.0,0.0,0.0,RandD,medium
608,0.11,0.88,5.0,250.0,4.0,0.0,0.0,RandD,medium
609,0.45,0.49,2.0,134.0,3.0,0.0,0.0,RandD,medium
610,0.1,0.85,7.0,279.0,4.0,0.0,0.0,RandD,medium
611,0.09,0.95,7.0,256.0,4.0,0.0,0.0,marketing,medium
612,0.39,0.53,2.0,127.0,3.0,0.0,0.0,sales,medium
613,0.37,0.47,2.0,138.0,3.0,1.0,0.0,accounting,medium
614,0.81,0.97,5.0,243.0,5.0,0.0,0.0,support,medium
615,0.09,0.9,7.0,296.0,4.0,0.0,0.0,technical,medium
616,0.1,0.88,7.0,267.0,4.0,0.0,0.0,management,medium
617,0.39,0.49,2.0,144.0,3.0,0.0,0.0,marketing,medium
618,0.83,0.95,4.0,251.0,5.0,0.0,0.0,marketing,medium
619,0.45,0.57,2.0,148.0,3.0,0.0,0.0,marketing,high
620,0.43,0.51,2.0,141.0,3.0,0.0,0.0,sales,low
621,0.8,0.75,3.0,268.0,2.0,0.0,0.0,sales,medium
622,0.1,0.86,6.0,247.0,4.0,0.0,0.0,sales,medium
623,0.1,0.55,2.0,247.0,4.0,0.0,0.0,sales,medium
624,0.36,0.52,2.0,146.0,3.0,0.0,0.0,sales,medium
625,0.38,0.5,2.0,140.0,3.0,0.0,0.0,sales,low
626,0.78,0.98,5.0,263.0,6.0,0.0,0.0,sales,low
627,0.44,0.49,2.0,145.0,3.0,0.0,0.0,sales,low
628,0.41,0.46,2.0,156.0,3.0,1.0,0.0,sales,low
629,0.72,0.85,5.0,244.0,6.0,0.0,0.0,sales,low
630,0.46,0.54,2.0,144.0,3.0,0.0,0.0,sales,low
631,0.1,0.9,7.0,286.0,4.0,0.0,0.0,sales,low
632,0.34,0.67,4.0,141.0,2.0,0.0,0.0,sales,low
633,0.11,0.89,6.0,260.0,5.0,0.0,0.0,sales,low
634,0.38,0.56,2.0,154.0,3.0,0.0,0.0,sales,low
635,0.82,0.92,5.0,225.0,5.0,0.0,0.0,sales,low
636,0.39,0.57,2.0,127.0,3.0,0.0,0.0,sales,low
637,0.44,0.53,2.0,140.0,3.0,0.0,0.0,sales,low
638,0.43,0.52,2.0,147.0,3.0,0.0,0.0,sales,low
639,0.84,0.83,4.0,227.0,5.0,0.0,0.0,accounting,low
640,0.43,0.48,2.0,153.0,3.0,0.0,0.0,accounting,low
641,0.37,0.52,2.0,128.0,3.0,0.0,0.0,accounting,low
642,0.74,0.97,4.0,228.0,5.0,0.0,0.0,hr,low
643,0.73,0.97,5.0,235.0,5.0,0.0,0.0,hr,low
644,0.37,0.47,2.0,148.0,3.0,0.0,0.0,hr,low
645,0.58,0.62,4.0,238.0,3.0,0.0,0.0,hr,low
646,0.4,0.54,2.0,141.0,3.0,0.0,0.0,technical,medium
647,0.51,0.83,5.0,249.0,4.0,0.0,0.0,technical,medium
648,0.46,0.5,2.0,151.0,3.0,0.0,0.0,technical,medium
649,0.45,0.54,2.0,129.0,3.0,0.0,0.0,technical,medium
650,0.46,0.5,2.0,156.0,3.0,0.0,0.0,technical,medium
651,0.39,0.45,2.0,134.0,3.0,0.0,0.0,technical,medium
652,0.09,0.88,6.0,269.0,4.0,0.0,0.0,technical,medium
653,0.09,0.77,6.0,290.0,4.0,0.0,0.0,technical,medium
654,0.37,0.51,2.0,132.0,3.0,0.0,0.0,technical,medium
655,0.1,0.89,7.0,308.0,4.0,0.0,0.0,technical,medium
656,0.77,1.0,4.0,232.0,5.0,0.0,0.0,technical,medium
657,0.79,0.86,5.0,235.0,5.0,0.0,0.0,support,medium
658,0.43,0.55,2.0,130.0,3.0,0.0,0.0,support,high
659,0.38,0.53,2.0,146.0,3.0,0.0,0.0,support,low
660,0.77,0.91,5.0,221.0,6.0,0.0,0.0,support,medium
661,0.44,0.5,2.0,130.0,3.0,0.0,0.0,support,medium
662,0.39,0.46,2.0,136.0,3.0,0.0,0.0,support,medium
663,0.78,0.89,5.0,274.0,6.0,0.0,0.0,support,medium
664,0.1,0.79,6.0,256.0,5.0,0.0,0.0,support,low
665,0.1,0.77,5.0,276.0,4.0,0.0,0.0,support,low
666,0.75,0.85,5.0,267.0,5.0,0.0,0.0,support,low
667,0.46,0.62,6.0,213.0,3.0,0.0,0.0,support,low
668,0.91,0.97,4.0,274.0,6.0,0.0,0.0,technical,low
669,0.1,0.92,6.0,258.0,4.0,0.0,0.0,technical,low
670,0.72,0.6,3.0,153.0,5.0,0.0,0.0,technical,low
671,0.11,0.95,6.0,245.0,4.0,0.0,0.0,management,low
672,0.11,0.94,6.0,264.0,4.0,0.0,0.0,IT,low
673,0.46,0.57,2.0,154.0,3.0,0.0,0.0,IT,low
674,0.37,0.46,2.0,149.0,3.0,0.0,0.0,IT,low
675,0.46,0.5,2.0,157.0,3.0,0.0,0.0,IT,low
676,0.43,0.57,2.0,127.0,3.0,0.0,0.0,IT,low
677,0.11,0.82,6.0,270.0,4.0,0.0,0.0,product_mng,low
678,0.73,0.89,5.0,236.0,6.0,0.0,0.0,product_mng,low
679,0.43,0.47,2.0,158.0,3.0,0.0,0.0,product_mng,low
680,0.86,1.0,5.0,229.0,5.0,0.0,0.0,product_mng,low
681,0.1,0.83,6.0,269.0,4.0,0.0,0.0,IT,low
682,0.4,0.49,2.0,128.0,3.0,0.0,0.0,sales,low
683,0.11,0.87,7.0,278.0,4.0,0.0,0.0,sales,low
684,0.86,0.98,3.0,158.0,5.0,0.0,0.0,sales,low
685,0.42,1.0,3.0,202.0,3.0,0.0,0.0,sales,medium
686,0.79,0.84,4.0,240.0,5.0,0.0,0.0,sales,medium
687,0.1,0.96,7.0,255.0,4.0,0.0,0.0,marketing,medium
688,0.09,0.92,7.0,254.0,4.0,0.0,0.0,sales,medium
689,0.09,0.82,6.0,257.0,4.0,0.0,0.0,accounting,medium
690,0.87,1.0,4.0,228.0,5.0,0.0,0.0,support,medium
691,0.36,0.49,2.0,145.0,3.0,0.0,0.0,technical,medium
692,0.42,0.75,3.0,218.0,4.0,0.0,0.0,management,medium
693,0.84,0.86,5.0,268.0,5.0,0.0,0.0,marketing,medium
694,0.1,0.83,6.0,278.0,4.0,0.0,0.0,marketing,medium
695,0.78,0.71,3.0,249.0,5.0,0.0,0.0,marketing,medium
696,0.35,0.99,3.0,236.0,4.0,0.0,0.0,sales,medium
697,0.1,0.81,7.0,291.0,4.0,0.0,0.0,sales,high
698,0.11,0.8,6.0,306.0,4.0,0.0,0.0,sales,low
699,0.43,0.48,2.0,135.0,3.0,0.0,0.0,sales,medium
700,0.38,0.45,2.0,156.0,3.0,0.0,0.0,sales,medium
701,0.46,0.54,2.0,143.0,3.0,0.0,0.0,sales,medium
702,0.89,0.82,4.0,243.0,5.0,0.0,0.0,sales,medium
703,0.45,0.5,2.0,147.0,3.0,0.0,0.0,sales,low
704,0.44,0.53,2.0,159.0,3.0,0.0,0.0,sales,low
705,0.74,0.54,5.0,216.0,3.0,0.0,0.0,sales,low
706,0.45,0.54,2.0,152.0,3.0,0.0,0.0,sales,low
707,0.79,0.93,4.0,226.0,5.0,0.0,0.0,sales,low
708,0.79,0.91,5.0,271.0,5.0,0.0,0.0,sales,low
709,0.11,0.87,6.0,255.0,4.0,0.0,0.0,sales,low
710,0.42,0.48,2.0,140.0,3.0,0.0,0.0,sales,low
711,0.64,0.9,6.0,252.0,2.0,0.0,0.0,sales,low
712,0.4,0.55,2.0,159.0,3.0,0.0,0.0,sales,low
713,0.84,0.98,5.0,270.0,5.0,0.0,0.0,sales,low
714,0.73,0.92,5.0,232.0,5.0,0.0,0.0,sales,low
715,0.4,0.51,2.0,144.0,3.0,0.0,0.0,accounting,low
716,0.36,0.45,2.0,127.0,3.0,0.0,0.0,accounting,low
717,0.43,0.47,2.0,131.0,3.0,0.0,0.0,accounting,low
718,0.11,0.78,6.0,243.0,4.0,0.0,0.0,hr,low
719,0.91,1.0,5.0,244.0,6.0,0.0,0.0,hr,low
720,0.8,1.0,5.0,260.0,5.0,0.0,0.0,hr,low
721,0.42,0.49,2.0,139.0,3.0,0.0,0.0,hr,low
722,0.31,0.87,4.0,184.0,3.0,0.0,0.0,technical,low
723,0.44,0.47,2.0,130.0,3.0,0.0,0.0,technical,low
724,0.38,0.54,2.0,135.0,3.0,0.0,0.0,technical,medium
725,0.45,0.56,2.0,146.0,3.0,0.0,0.0,technical,medium
726,0.43,0.46,2.0,149.0,3.0,0.0,0.0,technical,medium
727,0.45,0.46,2.0,153.0,3.0,1.0,0.0,technical,medium
728,0.43,0.57,2.0,160.0,3.0,0.0,0.0,technical,medium
729,0.43,0.49,2.0,160.0,3.0,0.0,0.0,technical,medium
730,0.09,0.83,6.0,282.0,4.0,0.0,0.0,technical,medium
731,0.43,0.47,2.0,128.0,3.0,0.0,0.0,technical,medium
732,0.79,0.94,4.0,232.0,5.0,0.0,0.0,technical,medium
733,0.85,0.58,3.0,226.0,2.0,0.0,0.0,support,medium
734,0.38,0.45,2.0,129.0,3.0,0.0,0.0,support,medium
735,0.11,0.92,7.0,255.0,4.0,0.0,0.0,support,medium
736,0.83,0.99,5.0,258.0,5.0,0.0,0.0,support,high
737,0.81,0.91,4.0,229.0,5.0,0.0,0.0,support,low
738,0.42,0.56,2.0,143.0,3.0,0.0,0.0,support,medium
739,0.11,0.87,6.0,257.0,4.0,0.0,0.0,support,medium
740,0.11,0.85,7.0,275.0,4.0,0.0,0.0,support,medium
741,0.1,0.89,7.0,291.0,4.0,0.0,0.0,support,medium
742,0.5,0.54,5.0,153.0,4.0,0.0,0.0,support,low
743,0.44,0.49,2.0,154.0,3.0,0.0,0.0,support,low
744,0.11,0.9,6.0,301.0,4.0,0.0,0.0,technical,low
745,0.39,0.52,2.0,134.0,3.0,0.0,0.0,technical,low
746,0.11,0.78,6.0,245.0,4.0,0.0,0.0,technical,low
747,0.36,0.5,2.0,132.0,3.0,0.0,0.0,management,low
748,0.43,0.51,2.0,130.0,3.0,0.0,0.0,IT,low
749,0.4,0.5,2.0,127.0,3.0,0.0,0.0,IT,low
750,0.86,0.84,4.0,246.0,6.0,0.0,0.0,IT,low
751,0.38,0.49,2.0,145.0,3.0,0.0,0.0,IT,low
752,0.46,0.45,2.0,138.0,3.0,0.0,1.0,IT,low
753,0.37,0.57,2.0,129.0,3.0,0.0,0.0,product_mng,low
754,0.43,0.52,2.0,150.0,3.0,0.0,0.0,product_mng,low
755,0.66,0.93,5.0,253.0,5.0,0.0,0.0,product_mng,low
756,0.37,0.48,2.0,160.0,3.0,0.0,0.0,product_mng,low
757,0.77,0.92,5.0,235.0,5.0,0.0,0.0,IT,low
758,0.38,0.55,2.0,151.0,3.0,0.0,0.0,sales,low
759,0.39,0.54,2.0,127.0,3.0,0.0,0.0,sales,low
760,0.41,0.55,2.0,151.0,3.0,0.0,0.0,sales,low
761,0.1,0.9,7.0,290.0,4.0,0.0,0.0,sales,low
762,0.09,0.93,6.0,249.0,4.0,0.0,0.0,sales,low
763,0.41,0.47,2.0,131.0,3.0,0.0,0.0,marketing,medium
764,0.39,0.46,2.0,159.0,3.0,0.0,0.0,sales,medium
765,0.83,0.99,4.0,223.0,5.0,0.0,0.0,accounting,medium
766,0.09,0.87,3.0,214.0,2.0,0.0,0.0,support,medium
767,0.75,0.81,5.0,227.0,5.0,0.0,0.0,technical,medium
768,0.44,0.54,2.0,127.0,3.0,0.0,0.0,management,medium
769,0.1,0.84,6.0,293.0,5.0,0.0,0.0,marketing,medium
770,0.42,0.46,2.0,141.0,3.0,0.0,0.0,marketing,medium
771,0.1,0.83,6.0,300.0,4.0,0.0,0.0,marketing,medium
772,0.1,0.86,6.0,309.0,4.0,0.0,0.0,sales,medium
773,0.31,0.77,4.0,149.0,3.0,0.0,0.0,sales,medium
774,0.42,0.54,2.0,159.0,3.0,0.0,0.0,sales,medium
775,0.38,0.5,2.0,152.0,3.0,0.0,0.0,sales,high
776,0.39,0.57,2.0,158.0,3.0,0.0,0.0,sales,low
777,0.1,0.97,6.0,254.0,5.0,0.0,0.0,sales,medium
778,0.11,0.93,6.0,294.0,4.0,0.0,0.0,sales,medium
779,0.1,0.92,7.0,269.0,4.0,0.0,0.0,sales,medium
780,0.11,0.9,7.0,247.0,4.0,0.0,0.0,sales,medium
781,0.44,0.65,3.0,271.0,4.0,0.0,0.0,sales,low
782,0.91,0.96,4.0,232.0,5.0,0.0,0.0,sales,low
783,0.72,1.0,4.0,245.0,5.0,0.0,0.0,sales,low
784,0.36,0.46,2.0,132.0,3.0,0.0,0.0,sales,low
785,0.44,0.57,2.0,131.0,3.0,0.0,0.0,sales,low
786,0.85,0.99,5.0,248.0,5.0,0.0,0.0,sales,low
787,0.78,0.93,5.0,225.0,5.0,0.0,0.0,sales,low
788,0.39,0.46,2.0,156.0,3.0,0.0,0.0,sales,low
789,0.78,0.81,3.0,222.0,2.0,0.0,0.0,sales,low
790,0.1,0.92,6.0,243.0,4.0,1.0,0.0,sales,low
791,0.23,0.99,4.0,204.0,4.0,1.0,0.0,accounting,low
792,0.11,0.87,6.0,301.0,4.0,0.0,0.0,accounting,low
793,0.9,0.83,5.0,259.0,5.0,0.0,0.0,accounting,low
794,0.91,0.89,4.0,247.0,5.0,0.0,0.0,hr,low
795,0.11,0.79,7.0,295.0,4.0,0.0,0.0,hr,low
796,0.43,0.54,2.0,150.0,3.0,0.0,0.0,hr,low
797,0.45,0.49,2.0,151.0,3.0,0.0,0.0,hr,low
798,0.11,0.91,5.0,291.0,4.0,0.0,0.0,technical,low
799,0.11,0.93,6.0,253.0,4.0,1.0,0.0,technical,low
800,0.43,0.5,2.0,161.0,3.0,0.0,0.0,technical,low
801,0.91,0.97,4.0,251.0,6.0,0.0,0.0,technical,low
802,0.43,0.55,2.0,153.0,3.0,0.0,0.0,technical,medium
803,0.85,0.82,5.0,264.0,6.0,0.0,0.0,technical,medium
804,0.1,0.77,6.0,310.0,4.0,0.0,0.0,technical,medium
805,0.81,0.95,5.0,266.0,5.0,0.0,0.0,technical,medium
806,0.36,0.62,4.0,237.0,2.0,0.0,0.0,technical,medium
807,0.45,0.54,2.0,138.0,3.0,0.0,0.0,technical,medium
808,0.86,1.0,5.0,227.0,5.0,0.0,0.0,technical,medium
809,0.71,1.0,4.0,300.0,5.0,0.0,0.0,support,medium
810,0.11,0.97,7.0,310.0,4.0,0.0,0.0,support,medium
811,0.84,0.93,5.0,236.0,5.0,0.0,0.0,support,medium
812,0.09,0.97,7.0,288.0,4.0,0.0,0.0,support,medium
813,0.38,0.49,2.0,127.0,3.0,0.0,0.0,support,medium
814,0.15,0.55,6.0,139.0,4.0,0.0,0.0,support,high
815,0.1,0.92,7.0,253.0,4.0,1.0,0.0,support,low
816,0.8,0.97,4.0,218.0,5.0,1.0,0.0,support,medium
817,0.84,0.97,5.0,251.0,5.0,0.0,0.0,support,medium
818,0.11,0.87,6.0,264.0,4.0,0.0,0.0,support,medium
819,0.89,0.79,3.0,149.0,2.0,0.0,0.0,support,medium
820,0.45,0.51,2.0,138.0,3.0,0.0,0.0,technical,low
821,0.11,0.93,7.0,284.0,4.0,0.0,0.0,technical,low
822,0.74,0.93,5.0,244.0,5.0,0.0,0.0,technical,low
823,0.41,0.5,2.0,128.0,3.0,0.0,0.0,management,low
824,0.44,0.53,2.0,154.0,3.0,0.0,0.0,IT,low
825,0.37,0.56,2.0,138.0,3.0,0.0,0.0,IT,low
826,0.11,0.86,6.0,308.0,4.0,0.0,0.0,IT,low
827,0.1,0.93,6.0,269.0,4.0,0.0,0.0,IT,low
828,0.7,0.74,6.0,136.0,3.0,0.0,0.0,IT,low
829,0.59,1.0,2.0,160.0,5.0,0.0,0.0,product_mng,low
830,0.38,0.53,2.0,138.0,3.0,0.0,0.0,product_mng,low
831,0.72,0.95,4.0,220.0,5.0,0.0,0.0,product_mng,low
832,0.73,1.0,5.0,274.0,5.0,0.0,0.0,product_mng,low
833,0.39,0.48,2.0,161.0,3.0,0.0,0.0,IT,low
834,0.89,0.82,5.0,224.0,6.0,0.0,0.0,RandD,low
835,0.89,1.0,4.0,260.0,5.0,0.0,0.0,RandD,low
836,0.11,0.78,6.0,300.0,4.0,1.0,0.0,RandD,low
837,0.43,0.56,2.0,133.0,3.0,0.0,0.0,RandD,low
838,0.09,0.93,6.0,308.0,4.0,0.0,0.0,RandD,low
839,0.81,0.9,5.0,238.0,6.0,0.0,0.0,marketing,low
840,0.37,0.53,2.0,126.0,3.0,0.0,0.0,sales,low
841,0.36,0.56,2.0,138.0,3.0,0.0,0.0,accounting,medium
842,0.11,0.85,6.0,299.0,4.0,0.0,0.0,support,medium
843,0.1,0.85,6.0,254.0,4.0,0.0,0.0,technical,medium
844,0.66,0.47,7.0,156.0,2.0,0.0,0.0,management,medium
845,0.39,0.47,2.0,152.0,3.0,0.0,0.0,marketing,medium
846,0.44,0.51,2.0,146.0,3.0,0.0,0.0,marketing,medium
847,0.1,0.84,6.0,253.0,4.0,0.0,0.0,marketing,medium
848,0.79,0.94,5.0,227.0,6.0,0.0,0.0,sales,medium
849,0.1,0.81,6.0,301.0,4.0,1.0,0.0,sales,medium
850,0.54,0.94,6.0,294.0,3.0,0.0,0.0,sales,medium
851,0.37,0.47,2.0,151.0,3.0,0.0,0.0,sales,medium
852,0.37,0.57,2.0,128.0,3.0,0.0,0.0,sales,medium
853,0.82,0.89,5.0,217.0,5.0,0.0,0.0,sales,high
854,0.45,0.52,2.0,160.0,3.0,0.0,0.0,sales,low
855,0.79,0.9,5.0,263.0,5.0,0.0,0.0,sales,medium
856,0.42,0.56,2.0,156.0,3.0,0.0,0.0,sales,medium
857,0.1,0.85,6.0,273.0,4.0,0.0,0.0,sales,medium
858,0.11,0.78,6.0,303.0,4.0,0.0,0.0,sales,medium
859,0.74,1.0,4.0,253.0,5.0,0.0,0.0,sales,low
860,0.1,0.93,6.0,270.0,4.0,0.0,0.0,sales,low
861,0.79,1.0,4.0,218.0,5.0,0.0,0.0,sales,low
862,0.43,0.48,2.0,144.0,3.0,0.0,0.0,sales,low
863,0.41,0.47,2.0,154.0,3.0,0.0,0.0,sales,low
864,0.39,0.55,2.0,146.0,3.0,0.0,0.0,sales,low
865,0.1,0.94,6.0,260.0,4.0,0.0,0.0,sales,low
866,0.82,0.85,5.0,218.0,5.0,0.0,0.0,sales,low
867,0.41,0.46,2.0,128.0,3.0,0.0,0.0,accounting,low
868,0.42,0.56,2.0,128.0,3.0,0.0,0.0,accounting,low
869,0.74,0.88,4.0,248.0,6.0,0.0,0.0,accounting,low
870,0.38,0.57,2.0,152.0,3.0,1.0,0.0,hr,low
871,0.39,0.56,2.0,126.0,3.0,0.0,0.0,hr,low
872,0.87,0.94,4.0,260.0,5.0,0.0,0.0,hr,low
873,0.1,0.9,5.0,263.0,4.0,0.0,0.0,hr,low
874,0.78,1.0,5.0,220.0,5.0,0.0,0.0,technical,low
875,0.14,0.73,7.0,282.0,5.0,0.0,0.0,technical,low
876,0.11,0.94,6.0,277.0,5.0,0.0,0.0,technical,low
877,0.91,0.94,5.0,257.0,5.0,0.0,0.0,technical,low
878,0.49,0.63,6.0,265.0,3.0,0.0,0.0,technical,low
879,0.38,0.47,2.0,143.0,3.0,0.0,0.0,technical,low
880,0.82,0.97,5.0,263.0,5.0,0.0,0.0,technical,medium
881,0.38,0.88,3.0,154.0,4.0,0.0,0.0,technical,medium
882,0.89,1.0,5.0,253.0,5.0,0.0,0.0,technical,medium
883,0.11,0.79,6.0,294.0,4.0,0.0,0.0,technical,medium
884,0.37,0.51,2.0,128.0,3.0,0.0,0.0,technical,medium
885,0.38,0.5,2.0,153.0,3.0,0.0,0.0,support,medium
886,0.78,0.87,5.0,256.0,5.0,0.0,0.0,support,medium
887,0.41,0.51,2.0,127.0,3.0,0.0,0.0,support,medium
888,0.41,0.51,2.0,137.0,3.0,0.0,0.0,support,medium
889,0.11,0.83,6.0,295.0,4.0,0.0,0.0,support,medium
890,0.11,0.79,6.0,281.0,4.0,0.0,0.0,support,medium
891,0.43,0.57,2.0,131.0,3.0,1.0,0.0,support,medium
892,0.75,0.86,5.0,237.0,5.0,0.0,0.0,support,high
893,0.74,0.99,4.0,276.0,5.0,0.0,0.0,support,low
894,0.85,0.85,5.0,267.0,5.0,0.0,0.0,support,medium
895,0.73,0.92,5.0,266.0,5.0,0.0,0.0,support,medium
896,0.1,0.79,6.0,294.0,4.0,0.0,0.0,technical,medium
897,0.44,0.56,2.0,134.0,3.0,0.0,0.0,technical,medium
898,0.3,0.56,3.0,309.0,4.0,1.0,0.0,technical,low
899,0.11,0.77,7.0,273.0,4.0,0.0,0.0,management,low
900,0.84,0.83,5.0,238.0,5.0,0.0,0.0,IT,low
901,0.78,0.94,5.0,271.0,6.0,0.0,0.0,IT,low
902,0.43,0.53,2.0,145.0,3.0,0.0,0.0,IT,low
903,0.36,0.55,2.0,152.0,3.0,0.0,0.0,IT,low
904,0.43,0.47,2.0,128.0,3.0,0.0,0.0,IT,low
905,0.45,0.46,2.0,142.0,3.0,0.0,0.0,product_mng,low
906,0.76,0.93,5.0,238.0,5.0,0.0,0.0,product_mng,low
907,0.1,0.78,7.0,286.0,4.0,0.0,0.0,product_mng,low
908,0.09,0.86,6.0,291.0,4.0,0.0,0.0,product_mng,low
909,0.92,1.0,5.0,259.0,5.0,0.0,0.0,IT,low
910,0.92,0.9,5.0,248.0,5.0,0.0,0.0,sales,low
911,0.79,0.98,4.0,271.0,5.0,0.0,0.0,sales,low
912,0.43,0.51,2.0,140.0,3.0,0.0,0.0,sales,low
913,0.8,0.95,4.0,274.0,5.0,0.0,0.0,sales,low
914,0.44,0.49,2.0,127.0,3.0,1.0,0.0,sales,low
915,0.89,0.87,5.0,275.0,6.0,0.0,0.0,marketing,low
916,0.48,0.88,3.0,239.0,3.0,0.0,0.0,sales,low
917,0.11,0.82,6.0,304.0,4.0,1.0,0.0,accounting,low
918,0.38,0.55,2.0,145.0,3.0,0.0,0.0,support,low
919,0.11,0.85,6.0,259.0,4.0,0.0,0.0,technical,medium
920,0.82,0.86,4.0,264.0,5.0,0.0,0.0,management,medium
921,0.37,0.45,2.0,160.0,3.0,0.0,0.0,marketing,medium
922,0.4,0.48,2.0,138.0,3.0,0.0,0.0,marketing,medium
923,0.43,0.47,2.0,137.0,3.0,0.0,0.0,marketing,medium
924,0.44,0.5,2.0,156.0,3.0,0.0,0.0,sales,medium
925,0.42,0.56,2.0,147.0,3.0,0.0,0.0,sales,medium
926,0.11,0.8,7.0,243.0,4.0,0.0,0.0,sales,medium
927,0.78,0.87,4.0,236.0,5.0,0.0,0.0,sales,medium
928,0.46,0.86,2.0,212.0,4.0,0.0,0.0,sales,medium
929,0.77,0.91,5.0,261.0,6.0,0.0,0.0,sales,medium
930,0.83,0.82,4.0,243.0,5.0,0.0,0.0,sales,medium
931,0.32,0.58,5.0,271.0,5.0,0.0,0.0,sales,high
932,0.9,0.92,5.0,154.0,4.0,0.0,0.0,sales,low
933,0.42,0.52,2.0,151.0,3.0,0.0,0.0,sales,medium
934,0.1,0.96,6.0,254.0,4.0,1.0,0.0,sales,medium
935,0.1,0.91,6.0,285.0,4.0,0.0,0.0,sales,medium
936,0.44,0.49,2.0,130.0,3.0,0.0,0.0,sales,medium
937,0.1,0.95,7.0,301.0,4.0,0.0,0.0,sales,low
938,0.11,0.8,6.0,286.0,4.0,0.0,0.0,sales,low
939,0.1,0.89,6.0,246.0,4.0,0.0,0.0,sales,low
940,0.39,0.47,2.0,135.0,3.0,0.0,0.0,sales,low
941,0.92,0.92,4.0,245.0,5.0,0.0,0.0,sales,low
942,0.43,0.56,2.0,136.0,3.0,0.0,0.0,sales,low
943,0.11,0.89,6.0,301.0,4.0,0.0,0.0,accounting,low
944,0.81,1.0,5.0,235.0,5.0,0.0,0.0,accounting,low
945,0.11,0.85,7.0,272.0,4.0,0.0,0.0,accounting,low
946,0.87,1.0,5.0,274.0,5.0,0.0,0.0,hr,low
947,0.37,0.46,2.0,131.0,3.0,0.0,0.0,hr,low
948,0.39,0.56,2.0,135.0,3.0,0.0,0.0,hr,low
949,0.61,0.86,4.0,196.0,4.0,0.0,0.0,hr,low
950,0.11,0.95,6.0,285.0,4.0,0.0,0.0,technical,low
951,0.09,0.9,7.0,289.0,5.0,0.0,0.0,technical,low
952,0.36,0.52,2.0,157.0,3.0,0.0,0.0,technical,low
953,0.09,0.94,6.0,308.0,4.0,0.0,0.0,technical,low
954,0.41,0.71,4.0,301.0,5.0,0.0,0.0,technical,low
955,0.4,0.46,2.0,131.0,3.0,0.0,0.0,technical,low
956,0.1,0.91,6.0,262.0,5.0,1.0,0.0,technical,low
957,0.46,0.53,2.0,143.0,3.0,1.0,0.0,technical,low
958,0.39,0.57,2.0,133.0,3.0,0.0,0.0,technical,medium
959,0.41,0.5,2.0,153.0,3.0,0.0,0.0,technical,medium
960,0.1,0.94,7.0,281.0,4.0,0.0,0.0,technical,medium
961,0.39,0.51,2.0,132.0,3.0,0.0,0.0,support,medium
962,0.73,0.83,5.0,270.0,5.0,1.0,0.0,support,medium
963,0.41,0.45,2.0,150.0,3.0,0.0,0.0,support,medium
964,0.37,0.51,2.0,140.0,3.0,0.0,0.0,support,medium
965,0.38,0.5,2.0,150.0,3.0,1.0,0.0,support,medium
966,0.8,0.63,5.0,180.0,5.0,0.0,0.0,support,medium
967,0.09,0.85,5.0,281.0,4.0,0.0,0.0,support,medium
968,0.85,0.92,4.0,275.0,5.0,0.0,0.0,support,medium
969,0.42,0.54,2.0,130.0,3.0,0.0,0.0,support,medium
970,0.41,0.48,2.0,130.0,3.0,0.0,0.0,support,high
971,0.38,0.46,2.0,147.0,3.0,0.0,0.0,support,low
972,0.72,1.0,5.0,264.0,5.0,0.0,0.0,technical,medium
973,0.11,0.74,6.0,290.0,5.0,0.0,0.0,technical,medium
974,0.37,0.47,2.0,150.0,3.0,0.0,0.0,technical,medium
975,0.1,0.81,6.0,304.0,4.0,0.0,0.0,management,medium
976,0.36,0.54,2.0,136.0,3.0,0.0,0.0,IT,low
977,0.92,0.94,5.0,307.0,5.0,0.0,0.0,IT,low
978,0.11,0.87,5.0,303.0,4.0,0.0,0.0,IT,low
979,0.39,0.56,2.0,156.0,3.0,0.0,0.0,IT,low
980,0.11,0.95,6.0,271.0,4.0,0.0,0.0,IT,low
981,0.45,0.45,2.0,140.0,3.0,0.0,0.0,product_mng,low
982,0.44,0.55,2.0,130.0,3.0,1.0,0.0,product_mng,low
983,0.85,0.97,4.0,266.0,6.0,0.0,0.0,product_mng,low
984,0.43,0.52,2.0,139.0,3.0,0.0,0.0,product_mng,low
985,0.75,0.86,5.0,260.0,5.0,0.0,0.0,IT,low
986,0.11,0.55,2.0,137.0,3.0,1.0,0.0,RandD,low
987,0.36,0.5,2.0,158.0,3.0,0.0,0.0,RandD,low
988,0.1,0.79,6.0,249.0,4.0,0.0,0.0,RandD,low
989,0.74,0.89,5.0,259.0,5.0,0.0,0.0,RandD,low
990,0.4,0.46,2.0,144.0,3.0,0.0,0.0,RandD,low
991,0.09,0.77,6.0,244.0,4.0,0.0,0.0,marketing,low
992,0.76,0.91,4.0,219.0,5.0,0.0,0.0,sales,low
993,0.45,0.57,2.0,151.0,3.0,0.0,0.0,accounting,low
994,0.84,0.88,4.0,269.0,5.0,0.0,0.0,support,low
995,0.38,0.45,2.0,127.0,3.0,0.0,0.0,technical,low
996,0.38,0.46,2.0,144.0,3.0,0.0,0.0,management,low
997,0.38,0.54,2.0,157.0,3.0,0.0,0.0,marketing,medium
998,0.86,0.94,5.0,224.0,5.0,0.0,0.0,marketing,medium
999,0.37,0.46,2.0,155.0,3.0,0.0,0.0,marketing,medium
1000,0.37,0.5,2.0,131.0,3.0,0.0,0.0,sales,medium
1001,0.87,1.0,4.0,258.0,5.0,1.0,1.0,sales,medium
1002,0.11,0.85,6.0,267.0,4.0,0.0,0.0,sales,medium
1003,0.42,0.5,2.0,141.0,3.0,0.0,0.0,sales,medium
1004,0.43,0.48,2.0,160.0,3.0,0.0,0.0,sales,medium
1005,0.09,0.8,6.0,247.0,4.0,0.0,0.0,sales,medium
1006,0.54,0.56,4.0,260.0,3.0,0.0,0.0,sales,medium
1007,0.4,0.47,2.0,151.0,3.0,0.0,0.0,sales,medium
1008,0.36,0.52,2.0,137.0,3.0,1.0,0.0,sales,medium
1009,0.87,0.9,4.0,256.0,5.0,0.0,0.0,sales,high
1010,0.75,0.88,4.0,239.0,5.0,0.0,0.0,sales,low
1011,0.43,0.53,2.0,152.0,3.0,0.0,0.0,sales,medium
1012,0.43,0.47,2.0,149.0,3.0,0.0,0.0,sales,medium
1013,0.1,0.87,6.0,284.0,4.0,0.0,0.0,sales,medium
1014,0.11,0.78,7.0,248.0,4.0,0.0,0.0,sales,medium
1015,0.44,0.53,2.0,156.0,3.0,0.0,0.0,sales,low
1016,0.39,0.48,2.0,138.0,3.0,0.0,0.0,sales,low
1017,0.4,0.55,2.0,155.0,3.0,0.0,0.0,sales,low
1018,0.92,0.87,4.0,229.0,6.0,0.0,0.0,sales,low
1019,0.36,0.47,2.0,136.0,3.0,0.0,0.0,accounting,low
1020,0.86,0.95,4.0,241.0,5.0,0.0,0.0,accounting,low
1021,0.74,0.87,5.0,258.0,5.0,0.0,0.0,accounting,low
1022,0.8,0.95,3.0,146.0,5.0,0.0,0.0,hr,low
1023,0.36,0.48,2.0,145.0,3.0,0.0,0.0,hr,low
1024,0.42,0.57,2.0,159.0,3.0,0.0,0.0,hr,low
1025,0.42,0.47,2.0,129.0,3.0,0.0,0.0,hr,low
1026,0.4,0.45,2.0,142.0,3.0,0.0,0.0,technical,low
1027,0.46,0.53,2.0,129.0,3.0,0.0,0.0,technical,low
1028,0.09,0.9,6.0,287.0,4.0,0.0,0.0,technical,low
1029,0.88,0.89,4.0,275.0,5.0,0.0,0.0,technical,low
1030,0.1,0.82,6.0,272.0,4.0,0.0,0.0,technical,low
1031,0.1,0.97,6.0,307.0,4.0,0.0,0.0,technical,low
1032,0.11,0.93,4.0,295.0,3.0,0.0,0.0,technical,low
1033,0.84,0.88,5.0,237.0,5.0,0.0,0.0,technical,low
1034,0.42,0.56,2.0,158.0,3.0,0.0,0.0,technical,low
1035,0.1,0.86,6.0,266.0,4.0,1.0,0.0,technical,low
1036,0.1,0.95,6.0,256.0,4.0,0.0,0.0,technical,medium
1037,0.46,0.54,2.0,158.0,3.0,0.0,0.0,support,medium
1038,0.09,0.97,7.0,268.0,4.0,0.0,0.0,support,medium
1039,0.89,1.0,4.0,237.0,5.0,0.0,0.0,support,medium
1040,0.82,1.0,4.0,273.0,6.0,0.0,0.0,support,medium
1041,0.11,0.89,6.0,309.0,4.0,0.0,0.0,support,medium
1042,0.81,0.84,5.0,258.0,5.0,0.0,0.0,support,medium
1043,0.81,0.94,5.0,233.0,6.0,0.0,0.0,support,medium
1044,0.77,1.0,4.0,249.0,6.0,0.0,0.0,support,medium
1045,0.63,0.94,3.0,179.0,2.0,0.0,0.0,support,medium
1046,0.4,0.57,2.0,128.0,3.0,0.0,0.0,support,medium
1047,0.86,1.0,4.0,250.0,6.0,0.0,0.0,support,medium
1048,0.37,0.49,2.0,151.0,3.0,0.0,0.0,technical,high
1049,0.44,0.5,2.0,132.0,3.0,0.0,0.0,technical,low
1050,0.74,0.89,5.0,232.0,6.0,0.0,0.0,technical,medium
1051,0.79,1.0,4.0,229.0,5.0,1.0,0.0,management,medium
1052,0.09,0.92,6.0,261.0,4.0,0.0,0.0,IT,medium
1053,0.37,0.48,2.0,129.0,3.0,0.0,0.0,IT,medium
1054,0.09,0.78,6.0,244.0,4.0,0.0,0.0,IT,low
1055,0.09,0.84,6.0,258.0,4.0,0.0,0.0,IT,low
1056,0.1,0.8,7.0,292.0,5.0,0.0,0.0,IT,low
1057,0.45,0.56,2.0,143.0,3.0,0.0,0.0,product_mng,low
1058,0.4,0.51,2.0,136.0,3.0,0.0,0.0,product_mng,low
1059,0.31,0.95,6.0,235.0,5.0,0.0,0.0,product_mng,low
1060,0.7,0.93,2.0,310.0,3.0,0.0,0.0,product_mng,low
1061,0.36,0.48,2.0,152.0,3.0,0.0,0.0,IT,low
1062,0.34,0.97,6.0,157.0,5.0,1.0,0.0,RandD,low
1063,0.87,0.83,5.0,267.0,5.0,0.0,0.0,RandD,low
1064,0.11,0.91,6.0,302.0,4.0,0.0,0.0,RandD,low
1065,0.47,0.81,4.0,133.0,3.0,0.0,0.0,RandD,low
1066,0.43,0.52,2.0,142.0,3.0,0.0,0.0,RandD,low
1067,0.43,0.47,2.0,129.0,3.0,0.0,0.0,marketing,low
1068,0.45,0.57,2.0,136.0,3.0,0.0,0.0,sales,low
1069,0.74,1.0,5.0,223.0,5.0,0.0,0.0,accounting,low
1070,0.1,0.89,6.0,244.0,4.0,1.0,0.0,support,low
1071,0.78,0.87,5.0,243.0,5.0,0.0,0.0,technical,low
1072,0.9,0.95,5.0,275.0,3.0,0.0,0.0,management,low
1073,0.53,0.95,6.0,205.0,4.0,0.0,0.0,marketing,low
1074,0.45,0.54,2.0,154.0,3.0,0.0,0.0,marketing,low
1075,0.86,0.83,4.0,270.0,5.0,0.0,0.0,marketing,medium
1076,0.74,0.89,4.0,267.0,5.0,0.0,0.0,sales,medium
1077,0.09,0.79,6.0,276.0,4.0,0.0,0.0,sales,medium
1078,0.8,0.95,5.0,244.0,5.0,0.0,0.0,sales,medium
1079,0.46,0.53,2.0,128.0,3.0,0.0,0.0,sales,medium
1080,0.86,0.95,5.0,269.0,6.0,0.0,0.0,sales,medium
1081,0.86,0.95,4.0,238.0,5.0,0.0,0.0,sales,medium
1082,0.9,0.91,4.0,269.0,5.0,0.0,0.0,sales,medium
1083,0.87,0.88,5.0,231.0,6.0,0.0,0.0,sales,medium
1084,0.83,0.94,4.0,267.0,5.0,0.0,0.0,sales,medium
1085,0.77,0.83,4.0,245.0,5.0,0.0,0.0,sales,medium
1086,0.77,1.0,4.0,272.0,5.0,0.0,0.0,sales,medium
1087,0.9,0.86,5.0,254.0,5.0,0.0,0.0,sales,high
1088,0.73,0.92,4.0,273.0,5.0,0.0,0.0,sales,low
1089,0.91,0.9,4.0,250.0,5.0,0.0,0.0,sales,medium
1090,0.36,0.53,2.0,133.0,3.0,0.0,0.0,sales,medium
1091,0.38,0.54,2.0,150.0,3.0,0.0,0.0,sales,medium
1092,0.44,0.46,2.0,157.0,3.0,0.0,0.0,sales,medium
1093,0.73,1.0,5.0,230.0,5.0,0.0,0.0,sales,low
1094,0.89,0.91,5.0,260.0,5.0,0.0,0.0,sales,low
1095,0.11,0.77,6.0,275.0,4.0,0.0,0.0,accounting,low
1096,0.1,0.77,7.0,308.0,4.0,0.0,0.0,accounting,low
1097,0.37,0.46,2.0,129.0,3.0,0.0,0.0,accounting,low
1098,0.38,0.48,2.0,134.0,3.0,0.0,0.0,hr,low
1099,0.42,0.48,2.0,132.0,3.0,0.0,0.0,hr,low
1100,0.44,0.46,2.0,153.0,3.0,0.0,0.0,hr,low
1101,0.11,0.83,6.0,262.0,4.0,0.0,0.0,hr,low
1102,0.09,0.97,7.0,262.0,4.0,0.0,0.0,technical,low
1103,0.43,0.47,2.0,130.0,3.0,0.0,0.0,technical,low
1104,0.38,0.52,2.0,156.0,3.0,0.0,0.0,technical,low
1105,0.11,0.89,6.0,254.0,4.0,0.0,0.0,technical,low
1106,0.37,0.49,2.0,130.0,3.0,0.0,0.0,technical,low
1107,0.44,0.57,2.0,139.0,3.0,0.0,0.0,technical,low
1108,0.72,0.82,5.0,269.0,5.0,0.0,0.0,technical,low
1109,0.1,0.91,7.0,297.0,4.0,0.0,0.0,technical,low
1110,0.73,0.86,5.0,249.0,5.0,0.0,0.0,technical,low
1111,0.09,0.82,7.0,267.0,4.0,0.0,0.0,technical,low
1112,0.44,0.46,2.0,149.0,3.0,0.0,0.0,technical,low
1113,0.09,0.82,6.0,251.0,4.0,0.0,0.0,support,low
1114,0.1,0.87,6.0,306.0,4.0,0.0,0.0,support,medium
1115,0.11,0.86,6.0,279.0,4.0,0.0,0.0,support,medium
1116,0.42,0.46,2.0,131.0,3.0,0.0,0.0,support,medium
1117,0.09,0.85,6.0,260.0,4.0,0.0,0.0,support,medium
1118,0.72,0.88,5.0,249.0,5.0,0.0,0.0,support,medium
1119,0.75,0.97,4.0,245.0,5.0,0.0,0.0,support,medium
1120,0.44,0.5,2.0,138.0,3.0,0.0,0.0,support,medium
1121,0.11,0.91,6.0,278.0,4.0,0.0,0.0,support,medium
1122,0.38,0.47,2.0,147.0,3.0,0.0,0.0,support,medium
1123,0.39,0.57,2.0,131.0,3.0,0.0,0.0,support,medium
1124,0.1,0.9,7.0,301.0,4.0,0.0,0.0,technical,medium
1125,0.43,0.52,2.0,141.0,3.0,0.0,0.0,technical,medium
1126,0.39,0.57,2.0,158.0,3.0,0.0,0.0,technical,high
1127,0.88,0.87,4.0,235.0,6.0,0.0,0.0,management,low
1128,0.1,0.85,7.0,261.0,4.0,0.0,0.0,IT,medium
1129,0.1,0.89,5.0,270.0,4.0,0.0,0.0,IT,medium
1130,0.11,0.93,6.0,290.0,4.0,0.0,0.0,IT,medium
1131,0.37,0.47,2.0,149.0,3.0,0.0,0.0,IT,medium
1132,0.37,0.48,2.0,160.0,3.0,0.0,0.0,IT,low
1133,0.77,0.87,4.0,150.0,4.0,0.0,0.0,product_mng,low
1134,0.91,0.94,5.0,218.0,6.0,0.0,0.0,product_mng,low
1135,0.46,0.51,2.0,155.0,3.0,0.0,0.0,product_mng,low
1136,0.11,0.87,6.0,291.0,4.0,0.0,0.0,product_mng,low
1137,0.86,0.91,5.0,265.0,5.0,0.0,0.0,IT,low
1138,0.87,0.88,5.0,262.0,6.0,0.0,0.0,sales,low
1139,0.09,0.92,6.0,303.0,5.0,0.0,0.0,sales,low
1140,0.42,0.46,2.0,132.0,3.0,0.0,0.0,sales,low
1141,0.82,0.83,4.0,245.0,5.0,1.0,0.0,sales,low
1142,0.46,0.48,2.0,129.0,3.0,0.0,0.0,sales,low
1143,0.88,1.0,5.0,226.0,6.0,0.0,0.0,marketing,low
1144,0.1,0.91,6.0,286.0,4.0,0.0,0.0,marketing,low
1145,0.43,0.45,2.0,140.0,3.0,0.0,0.0,sales,low
1146,0.37,0.49,2.0,153.0,3.0,0.0,0.0,accounting,low
1147,0.8,0.95,5.0,217.0,5.0,0.0,0.0,support,low
1148,0.83,0.95,5.0,258.0,5.0,0.0,0.0,technical,low
1149,0.39,0.57,2.0,156.0,3.0,0.0,0.0,management,low
1150,0.77,0.92,5.0,255.0,5.0,0.0,0.0,marketing,low
1151,0.43,0.46,2.0,129.0,3.0,0.0,0.0,marketing,low
1152,0.79,0.96,4.0,234.0,5.0,0.0,0.0,marketing,low
1153,0.39,0.55,2.0,152.0,3.0,1.0,0.0,sales,medium
1154,0.1,0.88,7.0,300.0,4.0,0.0,0.0,sales,medium
1155,0.39,0.53,2.0,131.0,3.0,0.0,0.0,sales,medium
1156,0.11,0.89,6.0,301.0,4.0,0.0,0.0,sales,medium
1157,0.4,0.51,2.0,156.0,3.0,0.0,0.0,sales,medium
1158,0.42,0.52,2.0,141.0,3.0,1.0,0.0,sales,medium
1159,0.57,0.85,4.0,219.0,2.0,1.0,0.0,sales,medium
1160,0.11,0.95,7.0,269.0,5.0,0.0,0.0,sales,medium
1161,0.36,0.73,4.0,276.0,2.0,0.0,0.0,sales,medium
1162,0.11,0.94,7.0,302.0,4.0,0.0,0.0,sales,medium
1163,0.35,0.8,6.0,281.0,2.0,0.0,0.0,sales,medium
1164,0.78,0.99,5.0,241.0,5.0,0.0,0.0,sales,medium
1165,0.11,0.93,7.0,288.0,4.0,0.0,0.0,sales,high
1166,0.1,0.96,6.0,303.0,4.0,0.0,0.0,sales,low
1167,0.42,0.54,2.0,135.0,3.0,0.0,0.0,sales,medium
1168,0.43,0.5,2.0,127.0,3.0,1.0,0.0,sales,medium
1169,0.79,0.84,5.0,245.0,5.0,0.0,0.0,sales,medium
1170,0.45,0.45,2.0,145.0,3.0,0.0,0.0,sales,medium
1171,0.09,0.91,6.0,248.0,4.0,0.0,0.0,sales,low
1172,0.11,0.91,6.0,302.0,4.0,0.0,0.0,accounting,low
1173,0.45,0.49,2.0,144.0,3.0,0.0,0.0,accounting,low
1174,0.11,0.91,6.0,272.0,4.0,0.0,0.0,accounting,low
1175,0.09,0.8,6.0,294.0,4.0,0.0,0.0,hr,low
1176,0.78,0.71,4.0,296.0,3.0,0.0,0.0,hr,low
1177,0.38,0.5,2.0,151.0,3.0,1.0,0.0,hr,low
1178,0.82,0.82,4.0,249.0,5.0,0.0,0.0,hr,low
1179,0.85,0.89,4.0,221.0,5.0,0.0,0.0,technical,low
1180,0.45,0.46,2.0,146.0,3.0,0.0,0.0,technical,low
1181,0.77,0.89,5.0,243.0,5.0,0.0,0.0,technical,low
1182,0.39,0.5,2.0,127.0,3.0,0.0,0.0,technical,low
1183,0.91,0.9,4.0,245.0,5.0,0.0,0.0,technical,low
1184,0.11,0.77,6.0,264.0,4.0,0.0,0.0,technical,low
1185,0.46,0.45,2.0,143.0,3.0,0.0,0.0,technical,low
1186,0.43,0.49,2.0,135.0,3.0,0.0,0.0,technical,low
1187,0.11,0.96,6.0,262.0,4.0,1.0,0.0,technical,low
1188,0.1,0.93,6.0,299.0,4.0,0.0,0.0,technical,low
1189,0.09,0.8,5.0,279.0,4.0,0.0,0.0,technical,low
1190,0.36,0.51,2.0,155.0,3.0,0.0,0.0,support,low
1191,0.11,0.89,6.0,264.0,4.0,0.0,0.0,support,low
1192,0.09,0.77,6.0,256.0,5.0,0.0,0.0,support,medium
1193,0.44,0.51,2.0,129.0,3.0,0.0,0.0,support,medium
1194,0.73,0.97,5.0,217.0,6.0,0.0,0.0,support,medium
1195,0.21,0.58,7.0,203.0,5.0,0.0,0.0,support,medium
1196,0.8,0.85,4.0,264.0,5.0,0.0,0.0,support,medium
1197,0.37,0.55,2.0,159.0,3.0,0.0,0.0,support,medium
1198,0.79,0.96,5.0,218.0,5.0,0.0,0.0,support,medium
1199,0.09,0.8,6.0,298.0,4.0,0.0,0.0,support,medium
1200,0.75,0.74,6.0,134.0,3.0,0.0,0.0,support,medium
1201,0.83,1.0,5.0,263.0,5.0,0.0,0.0,technical,medium
1202,0.1,0.77,5.0,252.0,4.0,0.0,0.0,technical,medium
1203,0.44,0.55,2.0,136.0,3.0,0.0,0.0,technical,medium
1204,0.42,0.97,6.0,259.0,4.0,0.0,0.0,management,high
1205,0.43,0.56,2.0,158.0,3.0,0.0,0.0,IT,low
1206,0.09,0.84,7.0,307.0,4.0,0.0,0.0,IT,medium
1207,0.44,0.53,2.0,152.0,3.0,0.0,0.0,IT,medium
1208,0.81,0.98,5.0,237.0,5.0,0.0,0.0,IT,medium
1209,0.1,0.79,7.0,284.0,4.0,0.0,0.0,IT,medium
1210,0.1,0.93,6.0,243.0,4.0,0.0,0.0,product_mng,low
1211,0.11,0.83,6.0,268.0,4.0,0.0,0.0,product_mng,low
1212,0.09,0.77,6.0,244.0,4.0,0.0,0.0,product_mng,low
1213,0.75,0.83,5.0,262.0,5.0,0.0,0.0,product_mng,low
1214,0.38,0.55,2.0,134.0,3.0,0.0,0.0,IT,low
1215,0.09,0.87,7.0,278.0,4.0,0.0,0.0,IT,low
1216,0.74,0.97,5.0,238.0,5.0,0.0,0.0,IT,low
1217,0.44,0.56,2.0,127.0,3.0,0.0,0.0,IT,low
1218,0.76,0.95,4.0,259.0,5.0,0.0,0.0,RandD,low
1219,0.42,0.56,2.0,146.0,3.0,0.0,0.0,RandD,low
1220,0.75,1.0,4.0,243.0,5.0,0.0,0.0,RandD,low
1221,0.36,0.52,2.0,137.0,3.0,0.0,0.0,marketing,low
1222,0.75,0.93,5.0,229.0,5.0,0.0,0.0,sales,low
1223,0.4,0.46,2.0,134.0,3.0,0.0,0.0,accounting,low
1224,0.75,0.89,4.0,228.0,5.0,0.0,0.0,support,low
1225,0.09,0.84,6.0,301.0,4.0,0.0,0.0,technical,low
1226,0.39,0.46,2.0,127.0,3.0,0.0,0.0,management,low
1227,0.4,0.48,2.0,142.0,3.0,0.0,0.0,marketing,low
1228,0.39,0.54,2.0,131.0,3.0,0.0,0.0,marketing,low
1229,0.1,0.85,7.0,310.0,5.0,0.0,0.0,marketing,low
1230,0.42,0.55,2.0,148.0,3.0,0.0,0.0,sales,low
1231,0.37,0.52,2.0,143.0,3.0,0.0,0.0,sales,medium
1232,0.11,0.98,6.0,250.0,4.0,0.0,0.0,sales,medium
1233,0.09,0.88,7.0,265.0,4.0,0.0,0.0,sales,medium
1234,0.41,0.54,2.0,152.0,3.0,0.0,0.0,sales,medium
1235,0.42,0.49,2.0,145.0,3.0,0.0,0.0,sales,medium
1236,0.4,0.49,2.0,140.0,3.0,0.0,0.0,sales,medium
1237,0.36,0.47,2.0,129.0,3.0,0.0,0.0,sales,medium
1238,0.74,0.9,4.0,226.0,5.0,0.0,0.0,sales,medium
1239,0.66,1.0,5.0,269.0,5.0,0.0,0.0,sales,medium
1240,0.38,0.47,2.0,152.0,3.0,0.0,0.0,sales,medium
1241,0.43,0.51,2.0,132.0,3.0,0.0,0.0,sales,medium
1242,0.43,0.53,2.0,148.0,3.0,0.0,0.0,sales,medium
1243,0.1,0.85,6.0,297.0,5.0,0.0,0.0,sales,high
1244,0.82,0.85,4.0,274.0,5.0,0.0,0.0,sales,low
1245,0.1,0.77,6.0,280.0,4.0,0.0,0.0,sales,medium
1246,0.1,0.93,6.0,288.0,4.0,0.0,0.0,sales,medium
1247,0.43,0.49,2.0,155.0,3.0,0.0,0.0,sales,medium
1248,0.09,0.94,7.0,247.0,4.0,0.0,0.0,sales,medium
1249,0.41,0.54,2.0,138.0,3.0,0.0,0.0,accounting,low
1250,0.1,0.82,7.0,284.0,4.0,0.0,0.0,accounting,low
1251,0.88,0.92,4.0,225.0,5.0,0.0,0.0,accounting,low
1252,0.43,0.57,2.0,151.0,3.0,1.0,0.0,hr,low
1253,0.42,0.5,2.0,155.0,3.0,0.0,0.0,hr,low
1254,0.85,1.0,4.0,234.0,5.0,0.0,0.0,hr,low
1255,0.38,0.49,2.0,144.0,3.0,0.0,0.0,hr,low
1256,0.39,0.47,2.0,142.0,3.0,0.0,0.0,technical,low
1257,0.41,0.48,2.0,126.0,3.0,0.0,0.0,technical,low
1258,0.88,0.92,4.0,233.0,6.0,0.0,0.0,technical,low
1259,0.78,0.96,4.0,241.0,5.0,0.0,0.0,technical,low
1260,0.45,0.48,2.0,138.0,3.0,0.0,0.0,technical,low
1261,0.09,0.95,6.0,260.0,4.0,1.0,0.0,technical,low
1262,0.44,0.56,2.0,145.0,3.0,0.0,0.0,technical,low
1263,0.11,0.84,6.0,252.0,4.0,0.0,0.0,technical,low
1264,0.36,0.51,2.0,143.0,3.0,0.0,0.0,technical,low
1265,0.86,0.98,4.0,270.0,5.0,0.0,0.0,technical,low
1266,0.1,0.92,6.0,285.0,4.0,0.0,0.0,technical,low
1267,0.45,0.53,2.0,149.0,3.0,0.0,0.0,support,low
1268,0.42,0.53,2.0,158.0,3.0,0.0,0.0,support,low
1269,0.36,0.55,2.0,134.0,3.0,0.0,0.0,support,low
1270,0.45,0.55,2.0,129.0,3.0,0.0,0.0,support,medium
1271,0.38,0.57,2.0,131.0,3.0,0.0,0.0,support,medium
1272,0.11,0.97,6.0,288.0,4.0,0.0,0.0,support,medium
1273,0.45,0.46,2.0,142.0,3.0,0.0,0.0,support,medium
1274,0.87,0.95,5.0,227.0,5.0,0.0,0.0,support,medium
1275,0.45,0.53,2.0,131.0,3.0,0.0,0.0,support,medium
1276,0.1,0.83,6.0,283.0,5.0,0.0,0.0,support,medium
1277,0.44,0.54,2.0,139.0,3.0,0.0,0.0,support,medium
1278,0.78,1.0,4.0,267.0,5.0,0.0,0.0,technical,medium
1279,0.38,0.56,2.0,148.0,3.0,0.0,0.0,technical,medium
1280,0.85,0.84,5.0,272.0,6.0,0.0,0.0,technical,medium
1281,0.36,0.48,2.0,148.0,3.0,1.0,0.0,management,medium
1282,0.75,0.88,5.0,270.0,5.0,0.0,0.0,IT,high
1283,0.81,0.81,4.0,218.0,5.0,1.0,0.0,IT,low
1284,0.4,0.55,2.0,150.0,3.0,0.0,0.0,IT,medium
1285,0.83,0.83,5.0,260.0,5.0,0.0,0.0,IT,medium
1286,0.41,0.52,2.0,127.0,3.0,0.0,0.0,IT,medium
1287,0.42,0.57,2.0,134.0,3.0,0.0,0.0,product_mng,medium
1288,0.09,0.83,7.0,258.0,4.0,0.0,0.0,product_mng,low
1289,0.87,0.81,5.0,304.0,5.0,0.0,0.0,product_mng,low
1290,0.43,0.56,6.0,149.0,4.0,0.0,0.0,product_mng,low
1291,0.39,0.51,2.0,139.0,3.0,0.0,0.0,IT,low
1292,0.1,0.9,6.0,272.0,5.0,0.0,0.0,RandD,low
1293,0.41,0.52,2.0,132.0,3.0,0.0,0.0,RandD,low
1294,0.72,1.0,2.0,240.0,2.0,0.0,0.0,RandD,low
1295,0.44,0.55,2.0,137.0,3.0,0.0,0.0,RandD,low
1296,0.38,0.5,2.0,139.0,3.0,0.0,0.0,RandD,low
1297,0.46,0.52,2.0,148.0,3.0,0.0,0.0,RandD,low
1298,0.4,0.49,2.0,149.0,3.0,0.0,0.0,marketing,low
1299,0.45,0.45,2.0,131.0,3.0,0.0,0.0,sales,low
1300,0.89,0.89,5.0,262.0,5.0,0.0,0.0,accounting,low
1301,0.1,0.97,7.0,284.0,4.0,0.0,0.0,support,low
1302,0.46,0.48,2.0,161.0,3.0,0.0,0.0,technical,low
1303,0.09,0.78,7.0,290.0,4.0,0.0,0.0,management,low
1304,0.45,0.57,2.0,149.0,3.0,0.0,0.0,marketing,low
1305,0.89,0.98,4.0,242.0,6.0,0.0,0.0,marketing,low
1306,0.62,0.77,5.0,227.0,4.0,0.0,0.0,marketing,low
1307,0.11,0.93,6.0,276.0,4.0,0.0,0.0,sales,low
1308,0.44,0.5,2.0,135.0,3.0,0.0,0.0,sales,low
1309,0.09,0.94,6.0,266.0,4.0,0.0,0.0,sales,medium
1310,0.56,0.75,5.0,236.0,2.0,0.0,0.0,sales,medium
1311,0.77,0.89,4.0,270.0,5.0,0.0,0.0,sales,medium
1312,0.39,0.49,2.0,146.0,3.0,0.0,0.0,sales,medium
1313,0.1,0.92,5.0,272.0,4.0,0.0,0.0,sales,medium
1314,0.72,0.85,5.0,246.0,5.0,0.0,0.0,sales,medium
1315,0.4,0.52,2.0,136.0,3.0,0.0,0.0,sales,medium
1316,0.11,0.81,6.0,260.0,4.0,0.0,0.0,sales,medium
1317,0.88,1.0,5.0,247.0,5.0,0.0,0.0,sales,medium
1318,0.37,0.51,2.0,127.0,3.0,0.0,0.0,sales,medium
1319,0.11,0.96,6.0,267.0,4.0,0.0,0.0,sales,medium
1320,0.4,0.52,2.0,143.0,3.0,0.0,0.0,sales,medium
1321,0.1,0.86,6.0,306.0,4.0,0.0,0.0,sales,high
1322,0.62,0.89,3.0,131.0,4.0,0.0,0.0,sales,low
1323,0.78,0.86,4.0,249.0,5.0,0.0,0.0,sales,medium
1324,0.37,0.52,2.0,144.0,3.0,0.0,0.0,sales,medium
1325,0.76,0.82,4.0,254.0,5.0,1.0,0.0,sales,medium
1326,0.42,0.53,2.0,131.0,3.0,0.0,0.0,accounting,medium
1327,0.1,0.77,6.0,272.0,4.0,0.0,0.0,accounting,low
1328,0.42,0.47,2.0,157.0,3.0,0.0,0.0,accounting,low
1329,0.1,0.96,7.0,301.0,4.0,0.0,0.0,hr,low
1330,0.1,0.81,6.0,252.0,4.0,0.0,0.0,hr,low
1331,0.42,0.47,2.0,130.0,3.0,0.0,0.0,hr,low
1332,0.09,0.86,6.0,297.0,4.0,0.0,0.0,hr,low
1333,0.1,0.8,6.0,248.0,4.0,0.0,0.0,technical,low
1334,0.11,0.89,7.0,257.0,4.0,0.0,0.0,technical,low
1335,0.44,0.53,2.0,147.0,3.0,0.0,0.0,technical,low
1336,0.87,0.9,3.0,307.0,5.0,0.0,0.0,technical,low
1337,0.44,0.46,2.0,154.0,3.0,0.0,0.0,technical,low
1338,0.41,0.56,2.0,143.0,3.0,0.0,0.0,technical,low
1339,0.51,0.79,4.0,134.0,3.0,0.0,0.0,technical,low
1340,0.89,0.96,5.0,221.0,5.0,0.0,0.0,technical,low
1341,0.1,0.96,6.0,275.0,4.0,0.0,0.0,technical,low
1342,0.9,0.94,5.0,247.0,5.0,0.0,0.0,technical,low
1343,0.36,0.55,2.0,131.0,3.0,0.0,0.0,technical,low
1344,0.44,0.54,2.0,150.0,3.0,0.0,0.0,support,low
1345,0.39,0.57,2.0,150.0,3.0,0.0,0.0,support,low
1346,0.38,1.0,5.0,137.0,4.0,0.0,0.0,support,low
1347,0.73,0.95,4.0,223.0,6.0,0.0,0.0,support,low
1348,0.1,0.96,6.0,292.0,4.0,0.0,0.0,support,medium
1349,0.89,0.83,5.0,130.0,4.0,1.0,0.0,support,medium
1350,0.87,0.85,5.0,221.0,6.0,0.0,0.0,support,medium
1351,0.84,0.89,4.0,245.0,5.0,1.0,0.0,support,medium
1352,0.11,0.77,6.0,274.0,4.0,0.0,0.0,support,medium
1353,0.74,1.0,5.0,248.0,5.0,0.0,0.0,support,medium
1354,0.79,0.97,4.0,243.0,5.0,0.0,0.0,support,medium
1355,0.1,0.92,7.0,273.0,4.0,0.0,0.0,technical,medium
1356,0.83,0.95,5.0,221.0,5.0,0.0,0.0,technical,medium
1357,0.1,0.79,6.0,271.0,4.0,0.0,0.0,technical,medium
1358,0.45,0.5,2.0,157.0,3.0,0.0,0.0,management,medium
1359,0.29,0.48,2.0,249.0,4.0,0.0,0.0,IT,medium
1360,0.46,0.46,2.0,145.0,3.0,0.0,0.0,IT,high
1361,0.11,0.83,6.0,262.0,5.0,0.0,0.0,IT,low
1362,0.75,0.89,5.0,272.0,5.0,0.0,0.0,IT,medium
1363,0.4,0.5,2.0,129.0,3.0,0.0,0.0,IT,medium
1364,0.37,0.46,2.0,134.0,3.0,0.0,0.0,product_mng,medium
1365,0.41,0.52,2.0,147.0,3.0,0.0,0.0,product_mng,medium
1366,0.1,0.83,6.0,293.0,4.0,0.0,0.0,product_mng,low
1367,0.39,0.52,2.0,129.0,3.0,0.0,0.0,product_mng,low
1368,0.4,0.45,2.0,140.0,3.0,0.0,0.0,IT,low
1369,0.41,0.52,2.0,132.0,3.0,0.0,0.0,RandD,low
1370,0.11,0.89,6.0,284.0,4.0,0.0,0.0,RandD,low
1371,0.74,0.99,5.0,263.0,5.0,0.0,0.0,RandD,low
1372,0.42,0.46,2.0,143.0,3.0,0.0,0.0,RandD,low
1373,0.88,0.88,4.0,265.0,5.0,0.0,0.0,RandD,low
1374,0.37,0.53,2.0,147.0,3.0,0.0,0.0,RandD,low
1375,0.78,0.81,4.0,253.0,5.0,0.0,0.0,marketing,low
1376,0.46,0.5,2.0,141.0,3.0,0.0,0.0,sales,low
1377,0.74,1.0,5.0,222.0,6.0,0.0,0.0,accounting,low
1378,0.11,0.86,6.0,273.0,4.0,1.0,0.0,support,low
1379,0.8,0.87,5.0,240.0,6.0,0.0,0.0,technical,low
1380,0.37,0.48,2.0,154.0,3.0,0.0,0.0,management,low
1381,0.87,0.92,4.0,253.0,6.0,0.0,0.0,marketing,low
1382,0.9,0.84,5.0,221.0,5.0,0.0,0.0,marketing,low
1383,0.1,0.88,6.0,263.0,4.0,0.0,0.0,marketing,low
1384,0.43,0.46,2.0,145.0,3.0,0.0,0.0,sales,low
1385,0.11,0.91,6.0,279.0,4.0,0.0,0.0,sales,low
1386,0.4,0.46,2.0,146.0,3.0,0.0,0.0,sales,low
1387,0.09,0.93,7.0,270.0,4.0,0.0,0.0,sales,medium
1388,0.4,0.5,2.0,135.0,3.0,0.0,0.0,sales,medium
1389,0.14,0.7,5.0,236.0,3.0,0.0,0.0,sales,medium
1390,0.4,0.49,2.0,151.0,3.0,0.0,0.0,sales,medium
1391,0.11,0.79,6.0,244.0,4.0,1.0,0.0,sales,medium
1392,0.72,1.0,4.0,169.0,3.0,0.0,0.0,sales,medium
1393,0.39,0.57,2.0,157.0,3.0,0.0,0.0,sales,medium
1394,0.82,0.93,4.0,246.0,5.0,0.0,0.0,sales,medium
1395,0.41,0.52,2.0,142.0,3.0,0.0,0.0,sales,medium
1396,0.45,0.51,2.0,156.0,3.0,0.0,0.0,sales,medium
1397,0.2,0.7,6.0,281.0,5.0,0.0,0.0,sales,medium
1398,0.43,0.53,2.0,146.0,3.0,0.0,0.0,sales,medium
1399,0.39,0.55,2.0,156.0,3.0,0.0,0.0,sales,high
1400,0.11,0.86,6.0,299.0,4.0,1.0,0.0,sales,low
1401,0.45,0.47,2.0,136.0,3.0,0.0,0.0,sales,medium
1402,0.11,0.87,6.0,272.0,4.0,0.0,0.0,sales,medium
1403,0.84,0.86,5.0,240.0,5.0,0.0,0.0,accounting,medium
1404,0.86,0.96,5.0,245.0,6.0,0.0,0.0,accounting,medium
1405,0.79,0.93,5.0,269.0,5.0,0.0,0.0,accounting,low
1406,0.39,0.57,2.0,130.0,3.0,0.0,0.0,hr,low
1407,0.15,0.62,4.0,257.0,3.0,0.0,0.0,hr,low
1408,0.81,1.0,4.0,241.0,5.0,0.0,0.0,hr,low
1409,0.39,0.53,2.0,136.0,3.0,0.0,0.0,hr,low
1410,0.92,0.94,4.0,219.0,5.0,0.0,0.0,technical,low
1411,0.9,0.98,5.0,271.0,5.0,0.0,0.0,technical,low
1412,0.32,0.6,2.0,280.0,4.0,0.0,0.0,technical,low
1413,0.46,0.46,2.0,140.0,3.0,0.0,0.0,technical,low
1414,0.83,0.98,4.0,254.0,5.0,0.0,0.0,technical,low
1415,0.39,0.47,2.0,131.0,3.0,0.0,0.0,technical,low
1416,0.2,0.9,6.0,138.0,3.0,0.0,0.0,technical,low
1417,0.11,0.85,6.0,295.0,4.0,0.0,0.0,technical,low
1418,0.11,0.96,6.0,301.0,5.0,0.0,0.0,technical,low
1419,0.1,0.95,7.0,296.0,4.0,0.0,0.0,technical,low
1420,0.75,0.87,5.0,246.0,5.0,0.0,0.0,technical,low
1421,0.44,0.57,2.0,145.0,3.0,0.0,0.0,support,low
1422,0.86,0.93,5.0,241.0,5.0,1.0,0.0,support,low
1423,0.1,0.82,6.0,269.0,4.0,0.0,0.0,support,low
1424,0.39,0.49,2.0,146.0,3.0,0.0,0.0,support,low
1425,0.45,0.48,2.0,149.0,3.0,0.0,0.0,support,low
1426,0.1,0.94,7.0,287.0,4.0,0.0,0.0,support,medium
1427,0.36,0.55,2.0,138.0,3.0,0.0,0.0,support,medium
1428,0.57,0.61,4.0,158.0,5.0,0.0,0.0,support,medium
1429,0.09,0.87,6.0,266.0,4.0,0.0,0.0,support,medium
1430,0.87,0.91,4.0,255.0,5.0,0.0,0.0,support,medium
1431,0.43,0.52,2.0,156.0,3.0,0.0,0.0,support,medium
1432,0.36,0.5,2.0,147.0,3.0,0.0,0.0,technical,medium
1433,0.91,0.99,5.0,265.0,5.0,1.0,0.0,technical,medium
1434,0.41,0.48,2.0,136.0,3.0,0.0,0.0,technical,medium
1435,0.37,0.52,2.0,140.0,3.0,0.0,0.0,management,medium
1436,0.43,0.45,2.0,146.0,3.0,0.0,0.0,IT,medium
1437,0.43,0.57,2.0,142.0,3.0,0.0,0.0,IT,medium
1438,0.4,0.53,2.0,155.0,3.0,0.0,0.0,IT,high
1439,0.1,0.89,7.0,285.0,4.0,0.0,0.0,IT,low
1440,0.76,0.99,4.0,253.0,5.0,1.0,0.0,IT,medium
1441,0.82,0.93,4.0,248.0,5.0,0.0,0.0,product_mng,medium
1442,0.11,0.83,7.0,255.0,5.0,0.0,0.0,product_mng,medium
1443,0.43,0.52,2.0,154.0,3.0,1.0,0.0,product_mng,medium
1444,0.11,0.88,7.0,305.0,4.0,0.0,0.0,product_mng,low
1445,0.41,0.48,2.0,141.0,3.0,0.0,0.0,IT,low
1446,0.73,0.87,5.0,252.0,5.0,0.0,0.0,RandD,low
1447,0.37,0.57,2.0,157.0,3.0,0.0,0.0,RandD,low
1448,0.11,0.89,6.0,250.0,4.0,0.0,0.0,RandD,low
1449,0.46,0.52,2.0,131.0,3.0,0.0,0.0,RandD,low
1450,0.41,0.5,2.0,149.0,3.0,0.0,0.0,RandD,low
1451,0.78,0.78,4.0,260.0,5.0,0.0,0.0,RandD,low
1452,0.78,0.86,5.0,260.0,6.0,0.0,0.0,marketing,low
1453,0.72,0.86,5.0,251.0,5.0,0.0,0.0,sales,low
1454,0.63,0.83,6.0,242.0,5.0,0.0,0.0,accounting,low
1455,0.55,1.0,6.0,136.0,3.0,0.0,0.0,support,low
1456,0.45,0.55,2.0,155.0,3.0,0.0,0.0,technical,low
1457,0.39,0.51,2.0,155.0,3.0,0.0,0.0,management,low
1458,0.1,0.81,6.0,248.0,4.0,0.0,0.0,marketing,low
1459,0.4,0.5,2.0,136.0,3.0,0.0,0.0,marketing,low
1460,0.39,0.54,2.0,133.0,3.0,0.0,0.0,marketing,low
1461,0.78,0.45,4.0,128.0,2.0,0.0,0.0,sales,low
1462,0.42,0.53,2.0,142.0,3.0,0.0,0.0,sales,low
1463,0.39,0.54,2.0,149.0,3.0,0.0,0.0,sales,low
1464,0.46,0.57,2.0,145.0,3.0,0.0,0.0,sales,low
1465,0.1,0.92,6.0,279.0,4.0,0.0,0.0,sales,medium
1466,0.45,0.47,2.0,146.0,3.0,0.0,0.0,sales,medium
1467,0.1,0.83,6.0,264.0,4.0,1.0,0.0,sales,medium
1468,0.1,0.89,7.0,272.0,4.0,0.0,0.0,sales,medium
1469,0.78,0.86,5.0,256.0,5.0,0.0,0.0,sales,medium
1470,0.4,0.65,2.0,296.0,5.0,0.0,0.0,sales,medium
1471,0.45,0.51,2.0,155.0,3.0,1.0,0.0,sales,medium
1472,0.39,0.56,2.0,130.0,3.0,0.0,0.0,sales,medium
1473,0.43,0.48,2.0,157.0,3.0,0.0,0.0,sales,medium
1474,0.09,0.96,6.0,245.0,4.0,0.0,0.0,sales,medium
1475,0.79,0.86,5.0,226.0,5.0,0.0,0.0,sales,medium
1476,0.44,0.47,2.0,156.0,3.0,1.0,0.0,sales,medium
1477,0.79,0.95,5.0,228.0,5.0,0.0,0.0,sales,high
1478,0.38,0.46,2.0,155.0,3.0,0.0,0.0,sales,low
1479,0.36,0.56,2.0,159.0,3.0,0.0,0.0,sales,medium
1480,0.39,0.57,2.0,142.0,3.0,0.0,0.0,accounting,medium
1481,0.09,0.93,6.0,271.0,4.0,0.0,0.0,accounting,medium
1482,0.16,0.65,4.0,277.0,5.0,0.0,0.0,accounting,medium
1483,0.09,0.77,6.0,310.0,4.0,0.0,0.0,hr,low
1484,0.11,0.87,6.0,254.0,4.0,0.0,0.0,hr,low
1485,0.44,0.56,2.0,142.0,3.0,0.0,0.0,hr,low
1486,0.11,0.88,7.0,253.0,4.0,0.0,0.0,hr,low
1487,0.11,0.97,6.0,260.0,4.0,0.0,0.0,technical,low
1488,0.45,0.52,2.0,147.0,3.0,0.0,0.0,technical,low
1489,0.1,0.96,7.0,288.0,4.0,0.0,0.0,technical,low
1490,0.4,0.46,2.0,160.0,3.0,0.0,0.0,technical,low
1491,0.38,0.55,2.0,130.0,3.0,0.0,0.0,technical,low
1492,0.39,0.56,2.0,133.0,3.0,0.0,0.0,technical,low
1493,0.38,0.55,2.0,160.0,3.0,0.0,0.0,technical,low
1494,0.38,0.45,2.0,151.0,3.0,0.0,0.0,technical,low
1495,0.17,0.75,3.0,188.0,4.0,0.0,0.0,technical,low
1496,0.79,0.84,5.0,247.0,5.0,0.0,0.0,technical,low
1497,0.1,0.85,7.0,259.0,4.0,0.0,0.0,technical,low
1498,0.37,0.48,2.0,129.0,3.0,0.0,0.0,support,low
1499,0.42,0.49,2.0,152.0,3.0,0.0,0.0,support,low
1500,0.44,0.48,2.0,128.0,3.0,0.0,0.0,support,low
1501,0.11,0.83,6.0,253.0,4.0,0.0,0.0,support,low
1502,0.39,0.48,2.0,151.0,3.0,0.0,0.0,support,low
1503,0.1,0.83,5.0,271.0,5.0,0.0,0.0,support,low
1504,0.4,0.46,2.0,155.0,3.0,0.0,0.0,support,medium
1505,0.86,0.91,5.0,245.0,5.0,0.0,0.0,support,medium
1506,0.37,0.46,2.0,157.0,3.0,0.0,0.0,support,medium
1507,0.4,0.51,2.0,160.0,3.0,0.0,0.0,support,medium
1508,0.43,0.48,2.0,149.0,3.0,0.0,0.0,support,medium
1509,0.88,0.88,5.0,248.0,5.0,0.0,0.0,technical,medium
1510,0.44,0.52,2.0,128.0,3.0,0.0,0.0,technical,medium
1511,0.87,1.0,4.0,224.0,5.0,0.0,0.0,technical,medium
1512,0.4,0.46,2.0,156.0,3.0,0.0,0.0,management,medium
1513,0.45,0.52,2.0,143.0,3.0,0.0,0.0,IT,medium
1514,0.84,0.93,4.0,250.0,5.0,0.0,0.0,IT,medium
1515,0.1,0.68,3.0,179.0,3.0,0.0,0.0,IT,medium
1516,0.72,0.99,5.0,257.0,5.0,0.0,0.0,IT,high
1517,0.4,0.5,2.0,127.0,3.0,0.0,0.0,IT,low
1518,0.45,0.5,2.0,145.0,3.0,0.0,0.0,product_mng,medium
1519,0.89,0.98,5.0,274.0,5.0,0.0,0.0,product_mng,medium
1520,0.4,0.55,2.0,131.0,3.0,0.0,0.0,product_mng,medium
1521,0.38,0.53,2.0,136.0,3.0,0.0,0.0,product_mng,medium
1522,0.38,0.47,2.0,140.0,3.0,1.0,0.0,IT,low
1523,0.1,0.82,7.0,265.0,4.0,0.0,0.0,RandD,low
1524,0.42,0.48,2.0,148.0,3.0,1.0,0.0,RandD,low
1525,0.74,0.86,5.0,262.0,5.0,0.0,0.0,RandD,low
1526,0.1,0.8,6.0,261.0,4.0,0.0,0.0,RandD,low
1527,0.82,0.9,5.0,248.0,5.0,0.0,0.0,RandD,low
1528,0.38,0.55,2.0,131.0,3.0,0.0,0.0,marketing,low
1529,0.41,0.56,2.0,160.0,3.0,0.0,0.0,sales,low
1530,0.4,0.47,2.0,152.0,3.0,0.0,0.0,accounting,low
1531,0.83,0.98,4.0,249.0,5.0,0.0,0.0,support,low
1532,0.36,0.57,2.0,144.0,3.0,0.0,0.0,technical,low
1533,0.75,0.98,4.0,245.0,5.0,0.0,0.0,management,low
1534,0.44,0.53,2.0,146.0,3.0,0.0,0.0,marketing,low
1535,0.1,0.94,6.0,297.0,5.0,0.0,0.0,marketing,low
1536,0.39,0.52,2.0,148.0,3.0,1.0,0.0,marketing,low
1537,0.09,0.84,7.0,260.0,4.0,0.0,0.0,sales,low
1538,0.4,0.57,2.0,152.0,3.0,0.0,0.0,sales,low
1539,0.41,0.54,2.0,135.0,3.0,0.0,0.0,sales,low
1540,0.83,0.92,4.0,235.0,5.0,0.0,0.0,sales,low
1541,0.42,0.47,2.0,145.0,3.0,0.0,0.0,sales,low
1542,0.61,0.46,5.0,220.0,4.0,0.0,0.0,sales,low
1543,0.44,0.52,2.0,128.0,3.0,0.0,0.0,sales,medium
1544,0.77,0.81,5.0,237.0,5.0,0.0,0.0,sales,medium
1545,0.81,0.95,4.0,275.0,5.0,0.0,0.0,sales,medium
1546,0.1,0.78,6.0,310.0,4.0,0.0,0.0,sales,medium
1547,0.73,0.84,5.0,251.0,6.0,0.0,0.0,sales,medium
1548,0.09,0.83,6.0,250.0,4.0,0.0,0.0,sales,medium
1549,0.9,0.99,4.0,259.0,6.0,0.0,0.0,sales,medium
1550,0.88,1.0,4.0,259.0,5.0,0.0,0.0,sales,medium
1551,0.09,0.87,7.0,305.0,4.0,0.0,0.0,sales,medium
1552,0.4,0.56,2.0,130.0,3.0,1.0,0.0,sales,medium
1553,0.17,0.55,6.0,250.0,5.0,0.0,0.0,sales,medium
1554,0.82,0.82,5.0,220.0,6.0,0.0,0.0,sales,medium
1555,0.9,0.83,4.0,266.0,5.0,0.0,0.0,sales,high
1556,0.83,0.92,4.0,255.0,5.0,0.0,0.0,accounting,low
1557,0.44,0.5,2.0,154.0,3.0,0.0,0.0,accounting,medium
1558,0.5,0.85,4.0,138.0,3.0,0.0,0.0,accounting,medium
1559,0.14,0.61,6.0,291.0,5.0,0.0,0.0,hr,medium
1560,0.77,0.82,4.0,217.0,5.0,0.0,0.0,hr,medium
1561,0.09,0.83,6.0,286.0,4.0,0.0,0.0,hr,low
1562,0.11,0.88,6.0,290.0,4.0,0.0,0.0,hr,low
1563,0.44,0.57,2.0,148.0,3.0,0.0,0.0,technical,low
1564,0.43,0.52,2.0,146.0,3.0,0.0,0.0,technical,low
1565,0.12,0.8,5.0,136.0,2.0,0.0,0.0,technical,low
1566,0.1,0.86,7.0,261.0,5.0,0.0,0.0,technical,low
1567,0.1,0.96,6.0,274.0,4.0,0.0,0.0,technical,low
1568,0.4,0.48,2.0,132.0,3.0,0.0,0.0,technical,low
1569,0.41,0.47,2.0,145.0,3.0,0.0,0.0,technical,low
1570,0.37,0.48,2.0,153.0,3.0,0.0,0.0,technical,low
1571,0.4,0.48,2.0,139.0,3.0,0.0,0.0,technical,low
1572,0.74,0.96,4.0,231.0,5.0,0.0,0.0,technical,low
1573,0.39,0.48,2.0,154.0,3.0,0.0,0.0,technical,low
1574,0.11,0.9,5.0,307.0,4.0,0.0,0.0,support,low
1575,0.36,0.51,2.0,129.0,3.0,0.0,0.0,support,low
1576,0.8,0.83,5.0,275.0,5.0,0.0,0.0,support,low
1577,0.6,0.85,3.0,250.0,2.0,0.0,0.0,support,low
1578,0.36,0.54,2.0,158.0,3.0,0.0,0.0,support,low
1579,0.1,0.96,6.0,310.0,5.0,0.0,0.0,support,low
1580,0.65,0.86,2.0,181.0,2.0,0.0,0.0,support,low
1581,0.49,0.73,4.0,244.0,3.0,0.0,0.0,support,low
1582,0.73,0.96,5.0,256.0,6.0,1.0,0.0,support,medium
1583,0.11,0.8,6.0,259.0,5.0,0.0,0.0,support,medium
1584,0.73,0.91,4.0,247.0,5.0,0.0,0.0,support,medium
1585,0.43,0.46,2.0,129.0,3.0,0.0,0.0,technical,medium
1586,0.73,0.93,5.0,229.0,5.0,0.0,0.0,technical,medium
1587,0.76,0.85,5.0,236.0,6.0,0.0,0.0,technical,medium
1588,0.09,0.96,6.0,281.0,4.0,0.0,0.0,management,medium
1589,0.9,0.81,5.0,264.0,5.0,0.0,0.0,IT,medium
1590,0.1,0.81,6.0,308.0,4.0,0.0,0.0,IT,medium
1591,0.43,0.48,2.0,147.0,3.0,0.0,0.0,IT,medium
1592,0.41,0.55,2.0,159.0,3.0,0.0,0.0,IT,medium
1593,0.41,0.57,2.0,154.0,3.0,0.0,0.0,IT,medium
1594,0.1,0.87,6.0,307.0,4.0,0.0,0.0,product_mng,high
1595,0.4,0.46,2.0,132.0,3.0,0.0,0.0,product_mng,low
1596,0.4,0.53,2.0,152.0,3.0,0.0,0.0,product_mng,medium
1597,0.36,0.48,5.0,310.0,3.0,0.0,0.0,product_mng,medium
1598,0.83,0.95,5.0,230.0,5.0,0.0,0.0,IT,medium
1599,0.83,0.94,5.0,273.0,5.0,0.0,0.0,RandD,medium
1600,0.41,0.51,2.0,144.0,3.0,0.0,0.0,RandD,low
1601,0.11,0.93,7.0,296.0,4.0,0.0,0.0,RandD,low
1602,0.68,0.62,5.0,198.0,5.0,1.0,0.0,RandD,low
1603,0.43,0.53,2.0,157.0,3.0,0.0,0.0,RandD,low
1604,0.44,0.51,2.0,145.0,3.0,0.0,0.0,marketing,low
1605,0.87,0.94,5.0,219.0,5.0,0.0,0.0,marketing,low
1606,0.43,0.54,2.0,153.0,3.0,0.0,0.0,sales,low
1607,0.89,0.48,3.0,178.0,5.0,0.0,0.0,accounting,low
1608,0.83,0.88,5.0,239.0,5.0,0.0,0.0,support,low
1609,0.11,0.87,6.0,278.0,5.0,0.0,0.0,technical,low
1610,0.85,1.0,6.0,260.0,3.0,1.0,0.0,management,low
1611,0.89,0.97,4.0,264.0,5.0,0.0,0.0,marketing,low
1612,0.09,0.92,7.0,301.0,4.0,0.0,0.0,marketing,low
1613,0.43,0.55,4.0,134.0,3.0,0.0,0.0,marketing,low
1614,0.42,0.46,2.0,147.0,3.0,0.0,0.0,sales,low
1615,0.43,0.54,2.0,130.0,3.0,0.0,0.0,sales,low
1616,0.1,0.93,6.0,307.0,4.0,0.0,0.0,sales,low
1617,0.37,0.46,2.0,156.0,3.0,0.0,0.0,sales,low
1618,0.76,0.98,4.0,237.0,5.0,0.0,0.0,sales,low
1619,0.88,0.89,4.0,254.0,5.0,0.0,0.0,sales,low
1620,0.39,0.48,2.0,151.0,3.0,0.0,0.0,sales,low
1621,0.45,0.54,2.0,131.0,3.0,0.0,0.0,sales,medium
1622,0.91,0.95,5.0,241.0,5.0,0.0,0.0,sales,medium
1623,0.86,0.85,5.0,267.0,5.0,0.0,0.0,sales,medium
1624,0.39,0.53,2.0,153.0,3.0,0.0,0.0,sales,medium
1625,0.89,1.0,4.0,217.0,5.0,0.0,0.0,sales,medium
1626,0.11,0.86,6.0,254.0,4.0,0.0,0.0,sales,medium
1627,0.1,0.87,6.0,265.0,5.0,0.0,0.0,sales,medium
1628,0.38,0.57,2.0,146.0,3.0,0.0,0.0,sales,medium
1629,0.4,0.54,2.0,156.0,3.0,0.0,0.0,sales,medium
1630,0.86,0.97,5.0,269.0,5.0,0.0,0.0,sales,medium
1631,0.1,0.86,6.0,288.0,4.0,0.0,0.0,sales,medium
1632,0.1,0.85,6.0,283.0,4.0,0.0,0.0,sales,medium
1633,0.42,0.5,2.0,128.0,3.0,0.0,0.0,accounting,high
1634,0.36,0.46,2.0,130.0,3.0,0.0,0.0,accounting,low
1635,0.39,0.48,2.0,127.0,3.0,0.0,0.0,accounting,medium
1636,0.43,0.47,2.0,137.0,3.0,0.0,0.0,hr,medium
1637,0.36,0.49,2.0,133.0,3.0,0.0,0.0,hr,medium
1638,0.09,0.91,6.0,275.0,4.0,0.0,0.0,hr,medium
1639,0.42,0.55,2.0,146.0,3.0,0.0,0.0,hr,low
1640,0.42,0.46,2.0,135.0,3.0,0.0,0.0,technical,low
1641,0.91,0.89,5.0,217.0,5.0,0.0,0.0,technical,low
1642,0.41,0.56,2.0,154.0,3.0,0.0,0.0,technical,low
1643,0.11,0.78,6.0,247.0,4.0,0.0,0.0,technical,low
1644,0.09,0.83,6.0,295.0,5.0,0.0,0.0,technical,low
1645,0.83,1.0,5.0,224.0,5.0,0.0,0.0,technical,low
1646,0.11,0.78,6.0,281.0,4.0,0.0,0.0,technical,low
1647,0.1,0.93,7.0,258.0,4.0,0.0,0.0,technical,low
1648,0.42,0.55,2.0,150.0,3.0,0.0,0.0,technical,low
1649,0.1,0.97,7.0,282.0,4.0,0.0,0.0,technical,low
1650,0.38,0.51,2.0,138.0,3.0,0.0,0.0,technical,low
1651,0.77,0.98,4.0,238.0,6.0,0.0,0.0,support,low
1652,0.11,0.85,7.0,244.0,4.0,0.0,0.0,support,low
1653,0.87,0.97,5.0,250.0,6.0,0.0,0.0,support,low
1654,0.1,0.88,7.0,282.0,4.0,0.0,0.0,support,low
1655,0.1,0.89,7.0,253.0,4.0,0.0,0.0,support,low
1656,0.09,0.9,6.0,256.0,4.0,0.0,0.0,support,low
1657,0.84,0.85,5.0,260.0,5.0,0.0,0.0,support,low
1658,0.11,0.86,6.0,245.0,4.0,0.0,0.0,support,low
1659,0.81,0.97,5.0,230.0,5.0,0.0,0.0,support,low
1660,0.77,0.85,5.0,276.0,5.0,0.0,0.0,support,medium
1661,0.42,0.47,2.0,137.0,3.0,0.0,0.0,support,medium
1662,0.36,0.56,2.0,140.0,3.0,0.0,0.0,technical,medium
1663,0.81,0.83,5.0,269.0,6.0,0.0,0.0,technical,medium
1664,0.37,0.46,2.0,130.0,3.0,1.0,0.0,technical,medium
1665,0.1,0.96,6.0,264.0,4.0,0.0,0.0,management,medium
1666,0.14,0.55,6.0,175.0,5.0,0.0,0.0,IT,medium
1667,0.41,0.51,2.0,159.0,3.0,0.0,0.0,IT,medium
1668,0.44,0.55,2.0,128.0,3.0,0.0,1.0,IT,medium
1669,0.82,0.94,5.0,232.0,5.0,1.0,0.0,IT,medium
1670,0.67,0.54,3.0,166.0,5.0,0.0,0.0,IT,medium
1671,0.44,0.57,2.0,141.0,3.0,0.0,0.0,product_mng,medium
1672,0.42,0.54,2.0,143.0,3.0,0.0,0.0,product_mng,high
1673,0.84,0.83,4.0,239.0,5.0,0.0,0.0,product_mng,low
1674,0.86,1.0,4.0,232.0,5.0,0.0,0.0,product_mng,medium
1675,0.56,0.86,5.0,252.0,2.0,0.0,0.0,IT,medium
1676,0.09,0.93,6.0,255.0,4.0,0.0,0.0,RandD,medium
1677,0.1,0.81,7.0,270.0,4.0,0.0,0.0,RandD,medium
1678,0.39,0.54,2.0,149.0,3.0,0.0,0.0,RandD,low
1679,0.75,0.89,5.0,276.0,5.0,0.0,0.0,RandD,low
1680,0.43,0.55,2.0,159.0,3.0,0.0,0.0,RandD,low
1681,0.09,0.96,7.0,274.0,5.0,0.0,0.0,marketing,low
1682,0.83,0.94,4.0,264.0,5.0,0.0,0.0,sales,low
1683,0.59,1.0,3.0,156.0,4.0,0.0,0.0,accounting,low
1684,0.44,0.54,2.0,135.0,3.0,0.0,0.0,support,low
1685,0.38,0.49,2.0,128.0,3.0,0.0,0.0,technical,low
1686,0.76,0.98,5.0,242.0,5.0,0.0,0.0,management,low
1687,0.22,0.86,4.0,293.0,3.0,0.0,0.0,marketing,low
1688,0.4,0.46,2.0,141.0,3.0,0.0,0.0,marketing,low
1689,0.41,0.48,2.0,155.0,3.0,0.0,0.0,marketing,low
1690,0.38,0.51,2.0,141.0,3.0,0.0,0.0,sales,low
1691,0.45,0.68,4.0,212.0,4.0,1.0,0.0,sales,low
1692,0.39,0.56,2.0,160.0,3.0,0.0,0.0,sales,low
1693,0.45,0.47,2.0,150.0,3.0,0.0,0.0,sales,low
1694,0.42,0.53,2.0,132.0,3.0,1.0,0.0,sales,low
1695,0.1,0.87,6.0,248.0,4.0,0.0,0.0,sales,low
1696,0.78,0.96,5.0,272.0,5.0,0.0,0.0,sales,low
1697,0.39,0.56,2.0,160.0,3.0,0.0,0.0,sales,low
1698,0.1,0.87,7.0,299.0,4.0,0.0,0.0,sales,low
1699,0.1,0.8,6.0,292.0,4.0,0.0,0.0,sales,medium
1700,0.43,0.46,2.0,126.0,3.0,0.0,0.0,sales,medium
1701,0.38,0.45,2.0,132.0,3.0,0.0,0.0,sales,medium
1702,0.09,0.77,6.0,282.0,5.0,0.0,0.0,sales,medium
1703,0.39,0.53,2.0,141.0,3.0,0.0,0.0,sales,medium
1704,0.73,0.99,6.0,206.0,5.0,0.0,0.0,sales,medium
1705,0.38,0.49,2.0,140.0,3.0,0.0,0.0,sales,medium
1706,0.1,0.91,6.0,255.0,4.0,0.0,0.0,sales,medium
1707,0.41,0.54,2.0,133.0,3.0,0.0,0.0,sales,medium
1708,0.43,0.51,2.0,131.0,3.0,0.0,0.0,sales,medium
1709,0.79,0.96,4.0,257.0,5.0,0.0,0.0,accounting,medium
1710,0.1,0.81,6.0,269.0,4.0,0.0,0.0,accounting,medium
1711,0.11,0.97,6.0,254.0,4.0,0.0,0.0,accounting,high
1712,0.42,0.5,2.0,143.0,3.0,0.0,0.0,hr,low
1713,0.36,0.51,2.0,157.0,3.0,0.0,0.0,hr,medium
1714,0.63,0.93,5.0,163.0,3.0,0.0,0.0,hr,medium
1715,0.41,0.56,2.0,133.0,3.0,0.0,0.0,hr,medium
1716,0.36,0.46,2.0,157.0,3.0,0.0,0.0,technical,medium
1717,0.1,0.9,6.0,301.0,5.0,0.0,0.0,technical,low
1718,0.11,0.96,6.0,310.0,4.0,0.0,0.0,technical,low
1719,0.44,0.54,2.0,133.0,3.0,0.0,0.0,technical,low
1720,0.77,0.96,5.0,249.0,6.0,0.0,0.0,technical,low
1721,0.91,1.0,4.0,251.0,6.0,0.0,0.0,technical,low
1722,0.26,0.46,2.0,242.0,3.0,0.0,0.0,technical,low
1723,0.81,0.93,5.0,265.0,6.0,0.0,0.0,technical,low
1724,0.11,0.87,6.0,280.0,4.0,0.0,0.0,technical,low
1725,0.92,0.89,4.0,241.0,5.0,0.0,0.0,technical,low
1726,0.1,0.86,5.0,253.0,4.0,0.0,0.0,technical,low
1727,0.45,0.51,2.0,137.0,3.0,0.0,0.0,support,low
1728,0.11,0.94,6.0,266.0,4.0,0.0,0.0,support,low
1729,0.23,0.7,5.0,168.0,4.0,0.0,0.0,support,low
1730,0.86,0.95,4.0,270.0,5.0,0.0,0.0,support,low
1731,0.44,0.55,2.0,141.0,3.0,0.0,0.0,support,low
1732,0.41,0.56,2.0,133.0,3.0,0.0,0.0,support,low
1733,0.84,0.97,5.0,256.0,5.0,0.0,0.0,support,low
1734,0.42,0.52,2.0,160.0,3.0,0.0,0.0,support,low
1735,0.11,0.88,7.0,275.0,4.0,0.0,0.0,support,low
1736,0.38,0.46,2.0,160.0,3.0,0.0,0.0,support,low
1737,0.11,0.96,7.0,244.0,4.0,0.0,0.0,support,low
1738,0.1,0.83,6.0,271.0,4.0,0.0,0.0,technical,medium
1739,0.86,0.88,5.0,268.0,5.0,0.0,0.0,technical,medium
1740,0.91,1.0,4.0,253.0,5.0,1.0,0.0,technical,medium
1741,0.37,0.53,2.0,140.0,3.0,0.0,0.0,management,medium
1742,0.46,0.5,2.0,146.0,3.0,0.0,0.0,IT,medium
1743,0.1,0.89,6.0,259.0,5.0,0.0,0.0,IT,medium
1744,0.37,0.46,2.0,127.0,3.0,0.0,0.0,IT,medium
1745,0.4,0.48,2.0,161.0,3.0,0.0,0.0,IT,medium
1746,0.09,0.78,6.0,260.0,4.0,0.0,0.0,IT,medium
1747,0.11,0.89,6.0,272.0,4.0,0.0,0.0,product_mng,medium
1748,0.39,0.48,2.0,159.0,3.0,0.0,0.0,product_mng,medium
1749,0.89,0.96,4.0,219.0,6.0,0.0,0.0,product_mng,medium
1750,0.09,0.91,6.0,243.0,4.0,0.0,0.0,product_mng,high
1751,0.88,0.97,4.0,255.0,5.0,1.0,0.0,IT,low
1752,0.11,0.9,7.0,245.0,4.0,0.0,0.0,RandD,medium
1753,0.1,0.95,6.0,264.0,5.0,0.0,0.0,RandD,medium
1754,0.91,1.0,4.0,245.0,6.0,0.0,0.0,RandD,medium
1755,0.44,0.52,2.0,137.0,3.0,0.0,0.0,RandD,medium
1756,0.63,0.76,2.0,157.0,4.0,0.0,0.0,RandD,low
1757,0.1,0.87,7.0,247.0,4.0,0.0,0.0,marketing,low
1758,0.36,0.51,2.0,144.0,3.0,0.0,0.0,sales,low
1759,0.45,0.51,2.0,149.0,3.0,0.0,0.0,accounting,low
1760,0.73,1.0,5.0,253.0,6.0,0.0,0.0,support,low
1761,0.37,0.55,2.0,140.0,3.0,0.0,0.0,technical,low
1762,0.09,0.85,7.0,307.0,4.0,0.0,0.0,management,low
1763,0.41,0.71,3.0,205.0,4.0,0.0,0.0,marketing,low
1764,0.72,1.0,5.0,234.0,5.0,0.0,0.0,marketing,low
1765,0.36,0.54,2.0,127.0,3.0,0.0,0.0,marketing,low
1766,0.9,1.0,4.0,229.0,5.0,0.0,0.0,sales,low
1767,0.44,0.56,2.0,141.0,3.0,0.0,0.0,sales,low
1768,0.78,0.95,4.0,260.0,5.0,0.0,0.0,sales,low
1769,0.37,0.52,2.0,141.0,3.0,0.0,0.0,sales,low
1770,0.4,0.47,2.0,144.0,3.0,1.0,0.0,sales,low
1771,0.84,1.0,5.0,250.0,5.0,0.0,0.0,sales,low
1772,0.09,0.86,6.0,245.0,4.0,0.0,0.0,sales,low
1773,0.83,0.93,4.0,269.0,5.0,0.0,0.0,sales,low
1774,0.11,0.87,6.0,273.0,4.0,0.0,0.0,sales,low
1775,0.37,0.5,2.0,142.0,3.0,0.0,0.0,sales,low
1776,0.09,0.93,6.0,273.0,5.0,0.0,0.0,sales,low
1777,0.43,0.47,2.0,248.0,2.0,0.0,0.0,sales,medium
1778,0.39,0.56,2.0,147.0,3.0,0.0,0.0,sales,medium
1779,0.85,0.9,2.0,168.0,2.0,0.0,0.0,sales,medium
1780,0.38,0.52,2.0,128.0,3.0,0.0,0.0,sales,medium
1781,0.76,0.84,5.0,227.0,5.0,1.0,0.0,sales,medium
1782,0.44,0.51,2.0,135.0,3.0,0.0,0.0,sales,medium
1783,0.73,1.0,4.0,268.0,5.0,0.0,0.0,sales,medium
1784,0.43,0.53,2.0,136.0,3.0,0.0,0.0,sales,medium
1785,0.43,0.51,2.0,149.0,3.0,1.0,0.0,accounting,medium
1786,0.09,0.96,7.0,264.0,4.0,0.0,0.0,accounting,medium
1787,0.43,0.53,2.0,143.0,3.0,0.0,0.0,accounting,medium
1788,0.45,0.57,2.0,138.0,3.0,0.0,0.0,hr,medium
1789,0.42,0.48,2.0,146.0,3.0,0.0,0.0,hr,high
1790,0.41,0.46,2.0,150.0,3.0,1.0,0.0,hr,low
1791,0.44,0.55,2.0,156.0,3.0,0.0,0.0,hr,medium
1792,0.09,0.92,7.0,245.0,4.0,0.0,0.0,technical,medium
1793,0.41,0.51,2.0,156.0,3.0,0.0,0.0,technical,medium
1794,0.43,0.51,2.0,143.0,3.0,0.0,0.0,technical,medium
1795,0.38,0.51,2.0,159.0,3.0,0.0,0.0,technical,low
1796,0.85,0.96,4.0,217.0,5.0,0.0,0.0,technical,low
1797,0.88,0.91,4.0,234.0,6.0,0.0,0.0,technical,low
1798,0.44,0.46,2.0,138.0,3.0,0.0,0.0,technical,low
1799,0.11,0.92,7.0,265.0,4.0,0.0,0.0,technical,low
1800,0.38,0.5,2.0,145.0,3.0,0.0,0.0,technical,low
1801,0.09,0.78,6.0,263.0,4.0,0.0,0.0,technical,low
1802,0.11,0.79,6.0,264.0,4.0,0.0,0.0,technical,low
1803,0.11,0.88,6.0,253.0,4.0,0.0,0.0,support,low
1804,0.44,0.48,2.0,155.0,3.0,0.0,0.0,support,low
1805,0.38,0.51,2.0,137.0,3.0,0.0,0.0,support,low
1806,0.1,0.87,6.0,254.0,5.0,0.0,0.0,support,low
1807,0.45,0.57,2.0,143.0,3.0,0.0,0.0,support,low
1808,0.11,0.94,7.0,280.0,5.0,0.0,0.0,support,low
1809,0.36,0.48,2.0,136.0,3.0,0.0,0.0,support,low
1810,0.72,0.95,5.0,271.0,5.0,0.0,0.0,support,low
1811,0.43,0.48,2.0,157.0,3.0,0.0,0.0,support,low
1812,0.45,0.5,2.0,150.0,3.0,0.0,0.0,support,low
1813,0.4,0.53,2.0,127.0,3.0,0.0,0.0,support,low
1814,0.1,0.81,6.0,271.0,4.0,0.0,0.0,technical,low
1815,0.83,0.93,5.0,257.0,5.0,0.0,0.0,technical,low
1816,0.11,0.8,7.0,305.0,4.0,0.0,0.0,technical,medium
1817,0.43,0.5,2.0,152.0,3.0,0.0,0.0,management,medium
1818,0.38,0.5,2.0,144.0,3.0,0.0,0.0,IT,medium
1819,0.83,1.0,5.0,269.0,5.0,0.0,0.0,IT,medium
1820,0.11,0.82,7.0,285.0,4.0,0.0,0.0,IT,medium
1821,0.43,0.52,2.0,136.0,3.0,0.0,0.0,IT,medium
1822,0.11,0.88,6.0,294.0,4.0,0.0,0.0,IT,medium
1823,0.43,0.46,2.0,157.0,3.0,0.0,0.0,product_mng,medium
1824,0.1,0.89,6.0,280.0,4.0,0.0,0.0,product_mng,medium
1825,0.44,0.51,2.0,152.0,3.0,0.0,0.0,product_mng,medium
1826,0.82,0.91,5.0,276.0,6.0,0.0,0.0,product_mng,medium
1827,0.1,0.86,6.0,247.0,4.0,0.0,0.0,IT,medium
1828,0.1,0.95,5.0,286.0,4.0,0.0,0.0,RandD,high
1829,0.3,0.89,5.0,257.0,5.0,0.0,0.0,RandD,low
1830,0.1,0.93,6.0,258.0,4.0,0.0,0.0,RandD,medium
1831,0.39,0.5,2.0,151.0,3.0,0.0,0.0,RandD,medium
1832,0.14,0.47,4.0,175.0,2.0,0.0,0.0,RandD,medium
1833,0.82,0.92,4.0,252.0,5.0,0.0,0.0,marketing,medium
1834,0.1,0.85,6.0,266.0,4.0,0.0,0.0,sales,low
1835,0.09,0.9,6.0,295.0,4.0,0.0,0.0,accounting,low
1836,0.54,0.83,6.0,165.0,6.0,0.0,0.0,support,low
1837,0.61,0.58,2.0,264.0,4.0,0.0,0.0,technical,low
1838,0.1,0.79,6.0,275.0,4.0,0.0,0.0,management,low
1839,0.1,0.9,6.0,299.0,4.0,0.0,0.0,marketing,low
1840,0.36,0.49,2.0,147.0,3.0,0.0,0.0,marketing,low
1841,0.1,0.97,7.0,306.0,4.0,0.0,0.0,marketing,low
1842,0.84,1.0,5.0,242.0,5.0,0.0,0.0,sales,low
1843,0.38,0.51,2.0,159.0,3.0,0.0,0.0,sales,low
1844,0.41,0.49,2.0,147.0,3.0,0.0,0.0,sales,low
1845,0.37,0.51,2.0,154.0,3.0,1.0,0.0,sales,low
1846,0.43,0.56,2.0,129.0,3.0,0.0,0.0,sales,low
1847,0.46,0.53,2.0,161.0,3.0,0.0,0.0,sales,low
1848,0.09,0.84,6.0,269.0,4.0,0.0,0.0,sales,low
1849,0.78,0.86,5.0,274.0,5.0,0.0,0.0,sales,low
1850,0.45,0.53,2.0,159.0,3.0,0.0,0.0,sales,low
1851,0.42,0.47,2.0,135.0,3.0,0.0,0.0,sales,low
1852,0.46,0.53,2.0,147.0,3.0,0.0,0.0,sales,low
1853,0.39,0.49,2.0,142.0,3.0,0.0,0.0,sales,low
1854,0.36,0.51,2.0,130.0,3.0,0.0,0.0,sales,low
1855,0.43,0.53,2.0,147.0,3.0,0.0,0.0,sales,medium
1856,0.85,0.87,5.0,246.0,5.0,1.0,0.0,sales,medium
1857,0.11,0.92,6.0,281.0,4.0,0.0,0.0,sales,medium
1858,0.11,0.9,6.0,253.0,4.0,0.0,0.0,sales,medium
1859,0.38,0.47,2.0,128.0,3.0,0.0,0.0,sales,medium
1860,0.43,0.57,2.0,129.0,3.0,0.0,0.0,sales,medium
1861,0.75,1.0,5.0,223.0,6.0,0.0,0.0,accounting,medium
1862,0.11,0.92,6.0,269.0,4.0,0.0,0.0,accounting,medium
1863,0.1,0.9,7.0,269.0,4.0,0.0,0.0,accounting,medium
1864,0.1,0.81,7.0,244.0,5.0,0.0,0.0,hr,medium
1865,0.37,0.5,2.0,154.0,3.0,0.0,0.0,hr,medium
1866,0.11,0.93,5.0,140.0,5.0,0.0,0.0,hr,medium
1867,0.45,0.46,2.0,159.0,3.0,0.0,0.0,hr,high
1868,0.44,0.48,2.0,158.0,3.0,0.0,0.0,technical,low
1869,0.44,0.56,2.0,133.0,3.0,0.0,0.0,technical,medium
1870,0.11,0.77,6.0,247.0,4.0,0.0,0.0,technical,medium
1871,0.79,0.93,5.0,268.0,5.0,0.0,0.0,technical,medium
1872,0.8,0.9,5.0,267.0,5.0,0.0,0.0,technical,medium
1873,0.1,0.87,7.0,251.0,5.0,0.0,0.0,technical,low
1874,0.09,0.93,6.0,279.0,4.0,0.0,0.0,technical,low
1875,0.7,0.84,6.0,161.0,4.0,0.0,0.0,technical,low
1876,0.72,0.84,4.0,256.0,5.0,0.0,0.0,technical,low
1877,0.11,0.8,6.0,304.0,4.0,0.0,0.0,technical,low
1878,0.39,0.51,2.0,137.0,3.0,0.0,0.0,technical,low
1879,0.4,0.49,2.0,144.0,3.0,0.0,0.0,support,low
1880,0.43,0.54,2.0,142.0,3.0,0.0,0.0,support,low
1881,0.76,0.87,5.0,262.0,5.0,0.0,0.0,support,low
1882,0.4,0.48,2.0,142.0,3.0,0.0,0.0,support,low
1883,0.09,0.89,6.0,282.0,4.0,0.0,0.0,support,low
1884,0.37,0.54,2.0,157.0,3.0,0.0,0.0,support,low
1885,0.87,0.91,5.0,228.0,5.0,0.0,0.0,support,low
1886,0.1,0.86,6.0,283.0,4.0,0.0,0.0,support,low
1887,0.11,0.86,6.0,286.0,4.0,0.0,0.0,support,low
1888,0.43,0.5,2.0,148.0,3.0,0.0,0.0,support,low
1889,0.1,0.81,6.0,245.0,4.0,0.0,0.0,support,low
1890,0.11,0.95,6.0,279.0,4.0,0.0,0.0,technical,low
1891,0.85,0.87,5.0,245.0,5.0,0.0,0.0,technical,low
1892,0.37,0.49,2.0,138.0,3.0,0.0,0.0,technical,low
1893,0.44,0.52,2.0,141.0,3.0,0.0,0.0,management,low
1894,0.1,0.83,7.0,302.0,5.0,0.0,0.0,IT,medium
1895,0.11,0.89,6.0,268.0,4.0,0.0,0.0,IT,medium
1896,0.87,0.88,5.0,240.0,5.0,0.0,0.0,IT,medium
1897,0.39,0.49,2.0,127.0,3.0,0.0,0.0,IT,medium
1898,0.1,0.94,7.0,264.0,4.0,0.0,0.0,IT,medium
1899,0.44,0.53,2.0,155.0,3.0,0.0,0.0,product_mng,medium
1900,0.4,0.49,2.0,143.0,3.0,0.0,0.0,product_mng,medium
1901,0.76,0.98,5.0,217.0,6.0,0.0,0.0,product_mng,medium
1902,0.46,0.55,2.0,147.0,3.0,0.0,0.0,product_mng,medium
1903,0.9,0.92,4.0,271.0,5.0,0.0,0.0,IT,medium
1904,0.85,0.87,4.0,273.0,5.0,0.0,0.0,RandD,medium
1905,0.1,0.78,5.0,285.0,4.0,1.0,0.0,RandD,medium
1906,0.43,0.49,2.0,131.0,3.0,0.0,0.0,RandD,high
1907,0.2,0.5,5.0,135.0,6.0,0.0,0.0,RandD,low
1908,0.81,0.92,5.0,239.0,5.0,0.0,0.0,RandD,medium
1909,0.83,0.85,5.0,237.0,5.0,0.0,0.0,marketing,medium
1910,0.14,0.75,4.0,277.0,5.0,1.0,0.0,sales,medium
1911,0.1,0.84,5.0,303.0,5.0,0.0,0.0,accounting,medium
1912,0.91,0.98,4.0,242.0,6.0,0.0,0.0,support,low
1913,0.37,0.57,2.0,158.0,3.0,0.0,0.0,technical,low
1914,0.42,0.57,2.0,147.0,3.0,1.0,0.0,management,low
1915,0.39,0.68,2.0,282.0,5.0,0.0,0.0,marketing,low
1916,0.39,0.54,2.0,154.0,3.0,0.0,0.0,marketing,low
1917,0.44,0.52,2.0,149.0,3.0,0.0,0.0,marketing,low
1918,0.37,0.45,2.0,149.0,3.0,0.0,0.0,sales,low
1919,0.39,0.53,2.0,146.0,3.0,0.0,0.0,sales,low
1920,0.72,0.94,4.0,258.0,5.0,0.0,0.0,sales,low
1921,0.37,0.49,2.0,148.0,3.0,0.0,0.0,sales,low
1922,0.82,0.94,5.0,236.0,5.0,0.0,0.0,sales,low
1923,0.42,0.52,2.0,134.0,3.0,0.0,0.0,sales,low
1924,0.59,1.0,2.0,155.0,5.0,0.0,0.0,sales,low
1925,0.82,0.86,5.0,257.0,5.0,0.0,0.0,sales,low
1926,0.73,0.97,6.0,189.0,2.0,0.0,0.0,sales,low
1927,0.78,0.66,3.0,164.0,3.0,0.0,0.0,sales,low
1928,0.09,0.95,6.0,271.0,4.0,0.0,0.0,sales,low
1929,0.1,0.97,6.0,280.0,4.0,0.0,0.0,sales,low
1930,0.45,0.46,2.0,149.0,3.0,0.0,0.0,sales,low
1931,0.83,0.81,5.0,219.0,5.0,0.0,0.0,sales,low
1932,0.43,0.51,2.0,128.0,3.0,0.0,0.0,sales,low
1933,0.4,0.47,2.0,128.0,3.0,0.0,0.0,sales,medium
1934,0.43,0.46,2.0,157.0,3.0,0.0,0.0,sales,medium
1935,0.78,0.93,4.0,225.0,5.0,0.0,0.0,sales,medium
1936,0.39,0.45,2.0,140.0,3.0,0.0,0.0,sales,medium
1937,0.11,0.97,6.0,310.0,4.0,0.0,0.0,accounting,medium
1938,0.36,0.52,2.0,143.0,3.0,0.0,0.0,accounting,medium
1939,0.36,0.54,2.0,153.0,3.0,0.0,0.0,accounting,medium
1940,0.1,0.79,7.0,310.0,4.0,0.0,0.0,hr,medium
1941,0.4,0.47,2.0,136.0,3.0,0.0,0.0,hr,medium
1942,0.81,0.85,4.0,251.0,6.0,0.0,0.0,hr,medium
1943,0.4,0.47,2.0,144.0,3.0,0.0,0.0,hr,medium
1944,0.09,0.93,6.0,296.0,4.0,0.0,0.0,technical,medium
1945,0.76,0.89,5.0,238.0,5.0,0.0,0.0,technical,high
1946,0.73,0.93,5.0,162.0,4.0,0.0,0.0,technical,low
1947,0.38,0.49,2.0,137.0,3.0,0.0,0.0,technical,medium
1948,0.72,0.84,5.0,257.0,5.0,0.0,0.0,technical,medium
1949,0.4,0.56,2.0,148.0,3.0,0.0,0.0,technical,medium
1950,0.91,0.99,5.0,254.0,5.0,0.0,0.0,technical,medium
1951,0.85,0.85,4.0,247.0,6.0,0.0,0.0,technical,low
1952,0.9,0.7,5.0,206.0,4.0,0.0,0.0,technical,low
1953,0.46,0.55,2.0,145.0,3.0,0.0,0.0,technical,low
1954,0.43,0.57,2.0,159.0,3.0,1.0,0.0,technical,low
1955,0.89,0.88,5.0,228.0,5.0,1.0,0.0,support,low
1956,0.09,0.81,6.0,257.0,4.0,0.0,0.0,support,low
1957,0.4,0.48,2.0,155.0,3.0,0.0,0.0,support,low
1958,0.76,0.83,6.0,293.0,6.0,0.0,0.0,support,low
1959,0.4,0.57,2.0,151.0,3.0,0.0,0.0,support,low
1960,0.37,0.48,2.0,160.0,3.0,0.0,0.0,support,low
1961,0.37,0.53,2.0,143.0,3.0,0.0,0.0,support,low
1962,0.11,0.96,6.0,280.0,4.0,0.0,0.0,support,low
1963,0.37,0.52,2.0,158.0,3.0,0.0,0.0,support,low
1964,0.09,0.89,7.0,310.0,4.0,0.0,0.0,support,low
1965,0.88,0.86,5.0,258.0,5.0,0.0,0.0,support,low
1966,0.84,0.94,5.0,262.0,5.0,0.0,0.0,technical,low
1967,0.1,0.98,6.0,265.0,4.0,0.0,0.0,technical,low
1968,0.41,0.47,2.0,143.0,3.0,1.0,0.0,technical,low
1969,0.84,0.91,5.0,232.0,6.0,0.0,0.0,management,low
1970,0.41,0.55,2.0,161.0,3.0,0.0,0.0,IT,low
1971,0.53,0.76,5.0,132.0,6.0,0.0,0.0,IT,low
1972,0.42,0.47,2.0,139.0,3.0,1.0,0.0,IT,medium
1973,0.36,0.5,2.0,131.0,3.0,0.0,0.0,IT,medium
1974,0.38,0.52,2.0,161.0,3.0,0.0,0.0,IT,medium
1975,0.36,0.48,2.0,152.0,3.0,0.0,0.0,product_mng,medium
1976,0.46,0.54,2.0,138.0,3.0,0.0,0.0,product_mng,medium
1977,0.37,0.47,2.0,159.0,3.0,1.0,0.0,product_mng,medium
1978,0.42,0.49,2.0,153.0,3.0,0.0,0.0,product_mng,medium
1979,0.44,0.56,2.0,156.0,3.0,0.0,0.0,IT,medium
1980,0.92,0.82,5.0,265.0,5.0,0.0,0.0,RandD,medium
1981,0.1,0.79,6.0,301.0,5.0,0.0,0.0,RandD,medium
1982,0.76,1.0,4.0,220.0,6.0,0.0,0.0,RandD,medium
1983,0.11,0.79,6.0,247.0,4.0,0.0,0.0,RandD,medium
1984,0.43,0.48,2.0,136.0,3.0,0.0,0.0,RandD,high
1985,0.4,0.49,2.0,160.0,3.0,0.0,0.0,marketing,low
1986,0.11,0.84,7.0,310.0,4.0,0.0,0.0,sales,medium
1987,0.84,0.82,5.0,240.0,5.0,0.0,0.0,accounting,medium
1988,0.84,0.84,5.0,238.0,5.0,0.0,0.0,support,medium
1989,0.51,0.6,7.0,243.0,5.0,0.0,0.0,technical,medium
1990,0.66,0.91,5.0,248.0,4.0,0.0,0.0,management,low
1991,0.42,0.56,2.0,137.0,3.0,0.0,0.0,marketing,low
1992,0.38,0.49,2.0,155.0,3.0,0.0,0.0,marketing,low
1993,0.15,0.63,7.0,229.0,3.0,0.0,0.0,marketing,low
1994,0.38,0.53,2.0,140.0,3.0,0.0,0.0,sales,low
1995,0.43,0.54,2.0,156.0,3.0,0.0,0.0,sales,low
1996,0.37,0.57,2.0,147.0,3.0,0.0,0.0,sales,low
1997,0.11,0.92,7.0,293.0,4.0,0.0,0.0,sales,low
1998,0.41,0.53,2.0,157.0,3.0,0.0,0.0,sales,low
1999,0.84,0.96,4.0,247.0,5.0,0.0,0.0,sales,low
2000,0.4,0.51,2.0,148.0,3.0,0.0,0.0,sales,low
